time_ms,primary_rpm,secondary_rpm,ratio,time_s,crank_angular_velocity,disk_angular_velocity,disk_angular_acceleration,disk_effective_velocity,disk_effective_position,ratio_limited
1260,1312,385,3.408,0.0,137.3923187169936,40.31710572106901,,4.859155303847849,0.0,3.408
1280,1301,381,3.415,0.02,136.24040141067735,39.89822670059037,-10.471975511966036,4.8086705734182615,0.09667825877266112,3.415
1320,1688,372,4.538,0.06,176.7669466419857,38.955748904513435,-9.599310885968928,4.695079929951689,0.2867532688400601,3.55
1340,1688,390,4.328,0.08,176.7669466419857,40.84070449666731,13.96263401595483,4.922261216884833,0.38292668030842536,3.55
1380,1946,373,5.217,0.12,203.7846434628579,39.060468659633095,-4.712388980384575,4.707701112559085,0.5755259268973036,3.55
1400,1946,375,5.189,0.14,203.7846434628579,39.269908169872416,-10.471975511966383,4.73294347777388,0.6699323728006333,3.55
1420,2100,392,5.357,0.16,219.9114857512855,41.05014400690663,11.519173063162574,4.947503582099628,0.7667368433993684,3.55
1440,2313,397,5.826,0.18,242.21679359177304,41.57374278250493,26.179938779915105,5.010609495136613,0.8663179741717308,3.55
1460,2392,403,5.935,0.2,250.48965424622617,42.202061313222885,13.613568165555977,5.086336590780995,0.967287435030907,3.55
1480,2546,403,6.318,0.22,266.6164965346538,42.202061313222885,31.415926535897768,5.086336590780995,1.0690141668465267,3.55
1540,2714,470,5.774,0.28,284.2094153947566,49.21828490624009,33.161255787892316,5.931955825476596,1.3995629393342546,3.55
1560,2720,508,5.354,0.3,284.83773392547454,53.19763560078716,121.47491593880547,6.411560764557681,1.522998105234597,3.55
1580,2813,534,5.268,0.32,294.5766711516029,55.920349233898314,143.46606451393336,6.739711512350003,1.654510828003674,3.55
1600,2820,570,4.947,0.34,295.3097094374405,59.690260418206066,174.88199104983144,7.194074086216297,1.793848683989337,3.55
1640,2883,616,4.68,0.38,301.9070540099791,64.50736915371041,111.52653920243787,7.774648486156558,2.093223135436794,3.55
1660,2932,672,4.363,0.4,307.0383220108424,70.37167544041137,211.53390534171217,8.481434712170792,2.2557839674200677,3.55
1700,2993,717,4.174,0.44,313.42622707314166,75.08406442079605,109.43214410004464,9.049387929503656,2.6064004202535567,3.55
1720,2981,773,3.856,0.46,312.16959001170574,80.948370707497,250.28021473598704,9.75617415551789,2.794456041103772,3.55
1760,3025,811,3.73,0.5,316.7772592369708,84.92772140204407,126.18730491919023,10.235779094598977,3.194295106106109,3.55
1800,3091,846,3.654,0.54,323.68876307486835,88.59291283123216,120.42771838760824,10.67752048585787,3.6125610977152465,3.55
1820,3163,890,3.554,0.56,331.22858544348384,93.2005820564972,228.28906616085882,11.23285252058334,3.831664827779659,3.55
1840,3161,890,3.552,0.58,331.01914593324454,93.2005820564972,181.165176357012,11.23285252058334,4.056321878191325,3.55
1860,3243,927,3.498,0.6,339.6061658530566,97.0752129959246,161.26842288427582,11.69983627705703,4.2856487661677285,3.498
1880,3222,966,3.335,0.62,337.4070509955438,101.15928344559133,162.3156204354727,12.192062398745511,4.524567752925754,3.335
1900,3298,956,3.45,0.64,345.3657523846379,100.11208589439474,115.19173063162559,12.065850572671543,4.767146882639925,3.45
1920,3352,977,3.431,0.66,351.02061916109955,102.31120075190759,91.10618695410358,12.33089540742688,5.0111143424409095,3.431
1940,3331,1028,3.24,0.68,348.82150430358666,107.65190826301024,144.51326206512988,12.974575720404127,5.26416905371922,3.24
1960,3410,1012,3.37,0.7,357.0943649580398,105.97639218109569,89.01179185171172,12.772636798685776,5.521641178910118,3.37
1980,3386,1059,3.197,0.72,354.58109083516797,110.8982206717197,97.3893722612842,13.365832381233435,5.78302587070931,3.197
2000,3436,1096,3.135,0.74,359.81707859115096,114.7728516111471,146.60765716752223,13.832816137707123,6.055012355898716,3.135
2020,3415,1091,3.13,0.76,357.6179637336381,114.2492528355488,119.38052083641314,13.769710224670138,6.33103761952249,3.13
2040,3452,1120,3.082,0.78,361.4925946730655,117.28612573401894,96.3421747100866,14.135724520284652,6.610091966972037,3.082
2080,3467,1147,3.023,0.82,363.0633909998604,120.11355912224975,70.68583470577016,14.476496450684373,7.182336386391417,3.023
2100,3501,1221,2.867,0.84,366.62386267392884,127.86282100110458,169.6460032938488,15.41046396363175,7.481205990534578,2.867
2120,3488,1198,2.912,0.86,365.26250585737324,125.4542666333524,106.81415022205333,15.12017676366162,7.786512397807512,2.912
2140,3547,1218,2.912,0.88,371.4409714094332,127.5486617357456,132.9940890019677,15.372600415809558,8.091440169602224,2.912
2160,3537,1272,2.781,0.9,370.3937738582366,133.2035285122072,159.17402778188347,16.054144276608994,8.40570761652641,2.781
2180,3512,1266,2.774,0.92,367.7757799802451,132.57520998148925,124.6165085923933,15.978417180964616,8.726033231102146,2.774
2200,3561,1316,2.706,0.94,372.9070479811084,137.81119773747224,99.4837673636771,16.609476311334465,9.051912166025136,2.706
2220,3526,1315,2.681,0.96,369.2418565519203,137.7064779823526,122.52211349000237,16.59685512872707,9.383975480425752,2.681
2240,3557,1363,2.61,0.98,372.48816896062976,142.73302622809626,151.84364492350667,17.202671893882126,9.721970750651844,2.61
2260,3516,1360,2.585,1.0,368.19465900072373,142.41886696273727,92.15338450530047,17.16480834605993,10.065645553051265,2.585
2280,3514,1404,2.503,1.02,367.98521949048444,147.02653618800232,144.5132620651306,17.720140380785406,10.41449504031972,2.503
2300,3537,1399,2.528,1.04,370.3937738582366,146.502937412404,86.91739674931675,17.657034467748417,10.768266788805057,2.528
2320,3502,1469,2.384,1.06,366.7285824290485,153.8333202707802,161.26842288427795,18.54051725026621,11.130242305985204,2.384
2340,3549,1451,2.446,1.08,371.6504109196725,151.94836467862632,92.15338450529904,18.313335963333063,11.498780838121197,2.446
2360,3509,1519,2.31,1.1,367.4616207148861,159.0693080267632,166.50441064025884,19.17157638063606,11.873629961560889,2.31
2380,3540,1489,2.377,1.12,370.7079331235956,155.92771537317338,89.01179185171051,18.79294090241415,12.25327513439139,2.377
2400,3547,1529,2.32,1.14,371.4409714094332,160.11650557795977,136.13568165555986,19.297788206710027,12.634182425482628,2.32
2440,3542,1575,2.249,1.18,370.9173726338349,164.93361431346412,55.501470213419374,19.878362606650292,13.417705441749835,2.249
2480,3555,1619,2.196,1.22,372.2787294503905,169.54128353872918,87.96459430051435,20.43369464137576,14.223946586710356,2.196
2540,3541,1660,2.133,1.28,370.81265287871526,173.8347934986352,49.21828490623971,20.95116312827904,15.465492319800001,2.133
2580,3536,1670,2.117,1.32,370.28905410311694,174.8819910498318,94.77137838329233,21.077374954353008,16.306063081452642,2.117
2600,3491,1747,1.998,1.34,365.57666512273227,182.94541219404562,228.2890661608574,22.04920601512258,16.7373288911474,1.998
2620,3478,1763,1.973,1.36,364.21530830617667,184.62092827596015,196.87313962496074,22.251144936840927,17.180332400667034,1.973
2640,3532,1722,2.051,1.38,369.8701750826383,180.32741831605412,107.86134777325142,21.733676449937654,17.620180614534814,2.051
2660,3481,1818,1.915,1.4,364.52946757153563,190.38051480754146,165.45721308906124,22.945309980247764,18.06697047883667,1.915
2680,3521,1785,1.973,1.42,368.71825777632205,186.92476288859268,120.42771838761001,22.528810954203664,18.521711688181185,1.973
2740,3525,1831,1.925,1.48,369.1371367968007,191.74187162409703,29.32153143350431,23.109385354143924,19.890857577431614,1.925
2760,3472,1898,1.829,1.5,363.58698977545873,198.75809521711423,141.37166941154067,23.955004588839525,20.36150147686145,1.829
2780,3510,1883,1.864,1.52,367.5663404700058,197.18729889031934,168.59880574265262,23.76568684972857,20.83870839124713,1.864
2800,3460,1923,1.799,1.54,362.3303527140228,201.37608909510573,109.95574287564257,24.27053415402445,21.31907060128466,1.799
2840,3450,1938,1.78,1.58,361.2831551628262,202.94688542190062,80.11061266653947,24.459851893135408,22.29367832222786,1.78
2880,3503,1996,1.755,1.62,366.83330218416813,209.0206312188409,86.39379797371866,25.191880484364432,23.286712969777856,1.755
2900,3441,1960,1.756,1.64,360.3406773667493,205.25072003453315,64.92624817419208,24.73751791049814,23.786006953726478,1.756
2920,3509,1995,1.759,1.66,367.4616207148861,208.91591146372124,117.28612573401723,25.17925930175704,24.28517472584903,1.759
2940,3446,2062,1.671,1.68,360.86427614234753,215.93213505673845,145.56045961632677,26.02487853645264,24.797216104231126,1.671
2960,3496,2027,1.725,1.7,366.1002638983305,212.26694362755035,93.20058205649806,25.583137145193742,25.31329626104759,1.725
2980,3449,2100,1.642,1.72,361.17843540770656,219.9114857512855,108.90854532444781,26.50448347553372,25.834172467254866,1.642
3040,3427,2083,1.645,1.78,358.874600795074,218.1312499142513,42.93509959906029,26.289923371207976,27.41800467265712,1.645
3080,3430,2134,1.607,1.82,359.18876006043297,223.47195742535393,72.78022980816267,26.933603684185222,28.482475213764985,1.607
3100,3475,2117,1.641,1.84,363.9011490408177,221.69172158831972,57.59586531581386,26.71904357985947,29.01900168640543,1.641
3120,3485,2177,1.601,1.86,364.9483465920143,227.97490689549932,157.07963267948756,27.476314536303295,29.56095526756706,1.601
3140,3415,2216,1.541,1.88,357.6179637336381,232.05897734516603,121.47491593880896,27.968540657991774,30.115403819510004,1.541
3160,3472,2192,1.584,1.9,363.58698977545873,229.5457032222942,114.14453308042728,27.665632275414247,30.671745548844065,1.584
3180,3414,2196,1.555,1.92,357.51324397851846,229.96458224277285,64.92624817418994,27.716117005843834,31.225563041656645,1.555
3240,3472,2258,1.538,1.98,363.58698977545873,236.45720706019176,49.218284906240186,28.498630327502447,32.91200546165704,1.538
3260,3473,2259,1.537,2.0,363.69170953057835,236.5619268153114,85.87019919812057,28.51125151010985,33.48210428003316,1.537
3280,3413,2295,1.487,2.02,357.4085242233988,240.33183799961915,82.7286065445292,28.96561408397614,34.05687293597402,1.487
3300,3460,2358,1.467,2.04,362.3303527140228,246.9291825721577,173.83479349863634,29.760748588242148,34.644136562696204,1.467
3340,3449,2308,1.494,2.08,361.17843540770656,241.69319481617475,58.64306286700933,29.129689457872303,35.82194532361849,1.494
3380,3460,2401,1.441,2.12,362.3303527140228,251.4321320423031,74.87462491055716,30.30345944036022,37.01060830158315,1.441
3400,3460,2434,1.422,2.14,362.3303527140228,254.88788396125187,183.25957145940475,30.71995846640433,37.62084248065079,1.422
3440,3449,2399,1.438,2.18,361.17843540770656,251.22269253206377,54.454272662222486,30.278217075145427,38.84080599148179,1.438
3460,3399,2403,1.414,2.2,355.94244765172357,251.64157155254242,47.12388980384783,30.32870180557502,39.44687518028899,1.414
3520,3460,2458,1.408,2.26,362.3303527140228,257.4011580841237,52.35987755982958,31.022866848981856,41.28742223992568,1.408
3540,3456,2440,1.416,2.28,361.91147369354417,255.51620249196984,40.84070449666793,30.795685562048703,41.90560776403599,1.416
3560,3391,2451,1.384,2.3,355.1046896107663,256.6681197982861,17.802358370342105,30.934518570730077,42.52290980536378,1.384
3580,3454,2510,1.376,2.32,361.7020341833048,262.846585350346,116.2389281828239,31.6791683445665,43.14904667451675,1.376
3620,3442,2558,1.346,2.36,360.4453971218689,267.8731335960897,81.15781021773493,32.28498510972155,44.42832974360251,1.346
3640,3386,2587,1.309,2.38,354.58109083516797,270.9100064945598,135.0884841043636,32.650999405336066,45.07768958875309,1.309
3680,3452,2529,1.365,2.42,361.4925946730655,264.83626069761954,46.60029102824832,31.918970814107038,46.36908899314195,1.365
3720,3451,2609,1.323,2.46,361.38787491794585,273.2138411071923,82.72860654453062,32.9286654226988,47.666041717878066,1.323
3740,3395,2658,1.277,2.48,355.5235686312449,278.3451091080557,154.98523757709663,33.54710337046126,48.330799405809664,1.277
3760,3438,2691,1.278,2.5,360.02651810139025,281.80086102700443,139.2772743091483,33.96360239650535,49.00590646347933,1.278
3780,3380,2705,1.25,2.52,353.95277230445004,283.26693759867965,123.56931104119428,34.14029895300891,49.68694547697447,1.25
3800,3436,2632,1.305,2.54,359.81707859115096,275.6223954749445,107.86134777325164,33.21895262266893,50.36053799273125,1.305
3820,3442,2658,1.295,2.56,360.4453971218689,278.3451091080557,51.31268000863254,33.54710337046126,51.02819855266255,1.295
3860,3443,2644,1.302,2.6,360.55011687698857,276.8790325363804,-7.330382858376077,33.3704068139577,52.36654875635093,1.302
3880,3389,2676,1.266,2.62,354.89525010052694,280.23006470020954,-15.70796326794833,33.7742846573944,53.03799567106445,1.266
3900,3442,2720,1.265,2.64,360.4453971218689,284.83773392547454,15.70796326794833,34.32961669211986,53.719034684559595,1.265
3920,3381,2754,1.228,2.66,354.05749205956965,288.398205599543,127.75810124598752,34.75873690077137,54.40991822048851,1.228
3940,3438,2781,1.236,2.68,360.02651810139025,291.22563898777383,128.80529879718085,35.099508831171086,55.10850067780793,1.236
3960,3377,2808,1.203,2.7,353.638613039091,294.05307237600465,171.74039839624115,35.44028076157081,55.81389857373535,1.203
3980,3376,2812,1.201,2.72,353.5338932839714,294.47195139648323,142.41886696273684,35.49076549200039,56.52320903627106,1.201
4000,3442,2805,1.227,2.74,360.4453971218689,293.7389131106456,89.01179185171193,35.40241721374861,57.23214086332855,1.227
4020,3371,2762,1.22,2.76,353.0102945083731,289.2359636405003,8.37758040957244,34.85970636163055,57.93476209908233,1.22
4040,3447,2772,1.244,2.78,360.9689958974672,290.2831611916969,-9.424777960771271,34.98591818770451,58.63321834457568,1.244
4060,3390,2777,1.221,2.8,354.9999698556466,290.8067599672952,-32.46312408709284,35.049024100741505,59.33356776746014,1.221
4080,3445,2797,1.232,2.82,360.7595563872279,292.90115506968834,-15.70796326794833,35.30144775288944,60.03707248599645,1.232
4100,3379,2812,1.202,2.84,353.84805254933036,294.47195139648323,7.330382858373235,35.49076549200039,60.74499461844535,1.202
4120,3378,2805,1.204,2.86,353.7433327942107,293.7389131106456,45.02949470145548,35.40241721374861,61.45392644550284,1.204
4140,3434,2816,1.219,2.88,359.6076390809116,294.8908304169619,46.076692252651654,35.54125022242998,62.16336311986463,1.219
4160,3374,2855,1.182,2.9,353.32445377373205,298.9749008666286,81.68140899333302,36.03347634411846,62.87911038553011,1.182
4180,3430,2857,1.201,2.92,359.18876006043297,299.18434037686797,62.83185307179616,36.05871870933326,63.60003233606463,1.201
4200,3367,2881,1.169,2.94,352.59141548789444,301.6976144997398,72.25663103256458,36.36162709191079,64.32423579407707,1.169
4220,3438,2903,1.184,2.96,360.02651810139025,304.0014491123723,102.62536001726792,36.639293109273524,65.05424499608891,1.184
4240,3366,2937,1.146,2.98,352.48669573277476,307.56192078644074,126.7109036947885,37.06841331792502,65.7913220603609,1.146
4280,3445,2946,1.169,3.02,360.7595563872279,308.5043985825177,47.64748857944592,37.182003961391594,67.27633040594723,1.169
4300,3385,2968,1.14,3.04,354.4763710800483,310.8082331951502,116.23892818281821,37.45966997875433,68.02274714534869,1.14
4320,3439,2985,1.152,3.06,360.1312378565099,312.5884690321844,108.90854532444781,37.674230083080076,68.77408614596703,1.152
4340,3379,3013,1.121,3.08,353.84805254933036,315.52062217553487,115.19173063162488,38.02762319608719,69.53110467875871,1.121
4360,3438,3003,1.145,3.1,360.02651810139025,314.4734246243383,69.11503837897607,37.90141137001323,70.29039502441971,1.145
4380,3375,2997,1.126,3.12,353.4291735288517,313.8451060936203,53.40707511102489,37.82568427436884,71.04766598086353,1.126
4400,3438,2994,1.148,3.14,360.02651810139025,313.53094682826134,27.227136331114796,37.78782072654665,71.80380103087268,1.148
4420,3440,2999,1.147,3.16,360.2359576116296,314.05454560385965,14.660765716749312,37.85092663958364,72.56018850453398,1.147
4440,3376,3022,1.117,3.18,353.5338932839714,316.4630999716118,9.424777960768429,38.141213839553764,73.32010990932535,1.117
4460,3442,3045,1.13,3.2,360.4453971218689,318.871654339364,43.982297150259306,38.4315010395239,74.08583705811613,1.13
4480,3369,3074,1.096,3.22,352.80085499813373,321.9085272378341,80.63421144213684,38.797515335138414,74.85812722186274,1.096
4500,3445,3059,1.126,3.24,360.7595563872279,320.3377309110392,68.06784082777989,38.60819759602746,75.6321843511744,1.126
4520,3378,3074,1.099,3.26,353.7433327942107,321.9085272378341,78.5398163397434,38.797515335138414,76.40624148048605,1.099
4560,3449,3027,1.139,3.3,361.17843540770656,316.9866987472101,2.617993877991862,38.20431975259075,77.94627818224063,1.139
4580,3396,3080,1.103,3.32,355.62828838636455,322.5368457685521,36.65191429188322,38.873242430782796,78.71705380407437,1.103
4600,3447,3097,1.113,3.34,360.9689958974672,324.3170816055863,24.085543677520583,39.087802535108544,79.49666425373329,1.113
4620,3386,3088,1.097,3.36,354.58109083516797,323.3746038095094,30.368728984703324,38.97421189164197,80.27728439800079,1.097
4640,3440,3108,1.107,3.38,360.2359576116296,325.46899891190253,35.60471674068137,39.22663554378991,81.0592928723551,1.107
4660,3385,3162,1.071,3.4,354.4763710800483,331.12386568836416,141.37166941154067,39.90817940458934,81.8506410218389,1.071
4680,3447,3088,1.116,3.42,360.9689958974672,323.3746038095094,8.377580409575096,38.97421189164197,82.63946493480121,1.116
4700,3454,3170,1.09,3.44,361.7020341833048,331.96162372932145,76.44542123735214,40.00914886544852,83.42929854237212,1.09
4720,3393,3157,1.075,3.46,355.3141291210056,330.6002669127659,72.25663103256458,39.84507349155237,84.22784076594213,1.075
4740,3452,3182,1.085,3.48,361.4925946730655,333.21826079075737,77.49261878854831,40.16060305673729,85.02789753142503,1.085
4760,3385,3266,1.036,3.5,354.4763710800483,342.0147202208088,108.90854532444497,41.22078239575863,85.84171138594999,1.036
4780,3460,3234,1.07,3.52,362.3303527140228,338.6636880569797,152.89084247470427,40.81690455232194,86.6620882554308,1.07
4800,3403,3250,1.047,3.54,356.3613266722022,340.3392041388942,83.77580409572822,41.01884347404028,87.48044573569443,1.047
4820,3452,3249,1.062,3.56,361.4925946730655,340.2344843837746,96.34217471008517,41.00622229143289,88.30069639334917,1.062
4840,3453,3282,1.052,3.58,361.5973144281852,343.69023630272335,104.71975511966026,41.42272131747699,89.12498582943827,1.052
4860,3387,3240,1.045,3.6,354.68581059028764,339.29200658769764,-27.227136331111954,40.89263164796632,89.9481393590927,1.045
4880,3448,3260,1.058,3.62,361.0737156525869,341.38640169009085,27.227136331111954,41.14505530011426,90.76851622857352,1.058
4920,3443,3245,1.061,3.66,360.55011687698857,339.81560536329596,-2.617993877991862,40.9557375610033,92.41053208579586,1.061
4960,3443,3345,1.029,3.7,360.55011687698857,350.28758087526194,50.265482457437784,42.21785582174301,94.0740039534508,1.029
4980,3385,3299,1.026,3.72,354.4763710800483,345.4704721397576,17.802358370340684,41.63728142180274,94.91255532588626,1.026
5020,3457,3394,1.019,3.76,362.0161934486638,355.41884887612525,80.63421144213916,42.83629376950546,96.6020268297124,1.019
5060,3458,3353,1.031,3.8,362.12091320378346,351.1253389162192,48.6946861306421,42.31882528260218,98.30512921075456,1.031
5080,3391,3315,1.023,3.82,355.1046896107663,347.1459882216721,73.30382858376076,41.83922034352109,99.14670966701578,1.023
5100,3462,3320,1.043,3.84,362.5397922242621,347.6695869972704,-26.179938779912934,41.90232625655808,99.98412513301658,1.043
5120,3401,3342,1.018,3.86,356.15188716196286,349.9734216099029,45.029494701452634,42.17999227392081,100.82494831832136,1.018
5140,3394,3382,1.004,3.88,355.41884887612525,354.16221181468933,-12.566370614359801,42.68483957821669,101.67359663684273,1.004
5160,3462,3448,1.004,3.9,362.5397922242621,361.0737156525869,99.4837673636737,43.51783763030489,102.53562340892795,1.004
5180,3401,3442,0.988,3.92,356.15188716196286,360.4453971218689,132.99408900197125,43.44211053466051,103.4052228905776,0.988
5200,3460,3484,0.993,3.94,362.3303527140228,364.8436268368946,171.74039839624115,43.97220020417118,104.27936599796593,0.993
5220,3399,3436,0.989,3.96,355.94244765172357,359.81707859115096,98.43656981248037,43.36638343901613,105.1527518343978,0.989
5240,3466,3365,1.03,3.98,362.95867124474074,352.3819759776551,-17.802358370343526,42.47027947389094,106.01111846352687,1.03
5260,3406,3389,1.005,4.0,356.6754859375612,354.89525010052694,-61.78465552059998,42.77318785646847,106.86355313683046,1.005
5280,3409,3460,0.985,4.02,356.98964520292014,362.3303527140228,18.84955592154012,43.66929182159366,107.72797793361106,0.985
5300,3472,3450,1.006,4.04,363.58698977545873,361.2831551628262,-35.604716740683415,43.54307999551968,108.60010165178221,1.006
5320,3413,3534,0.966,4.06,357.4085242233988,370.0796145928776,102.62536001726735,44.603259334541036,109.4815650450828,0.966
5340,3472,3456,1.005,4.08,363.58698977545873,361.91147369354417,95.29497715888972,43.61880709116407,110.36378570933988,1.005
5360,3423,3472,0.986,4.1,358.45572177459536,363.58698977545873,86.91739674932151,43.820746012882424,111.23818124038033,0.986
5380,3482,3409,1.021,4.12,364.6341873266553,356.98964520292014,-53.40707511102654,43.02561150861641,112.10664481559533,1.021
5420,3438,3539,0.971,4.16,360.02651810139025,370.6032133684759,46.60029102824832,44.66636524757802,113.86048435071922,0.971
5460,3441,3523,0.977,4.2,360.3406773667493,368.92769728656134,-5.759586531581812,44.46442632585967,115.64310018218798,0.977
5480,3506,3508,0.999,4.22,367.14746144952716,367.35690095976645,54.454272662225115,44.27510858674871,116.53049553131405,0.999
5520,3518,3571,0.985,4.26,368.4040985109631,373.95424553230504,51.83627878423205,45.070243091014724,118.31740256486931,0.985
5560,3462,3631,0.953,4.3,362.5397922242621,380.2374308394846,116.23892818282106,45.82751404745854,120.13535770763878,0.953
5580,3526,3598,0.98,4.32,369.2418565519203,376.78167892053585,61.78465552059577,45.41101502141444,121.04774299832752,0.98
5600,3465,3558,0.974,4.34,362.85395148962107,372.59288871574944,36.65191429188404,44.906167717118564,121.95091482571283,0.974
5620,3525,3604,0.978,4.36,369.1371367968007,377.4099974512538,100.53096491487334,45.486742117058824,122.85484392405462,0.978
5640,3467,3657,0.948,4.38,363.0633909998604,382.96014447259574,90.05898940291011,46.15566479525087,123.7712679931777,0.948
5660,3473,3663,0.948,4.4,363.69170953057835,383.58846300331373,33.51032163828827,46.23139189089525,124.69513856003918,0.948
5680,3536,3565,0.992,4.42,370.28905410311694,373.32592700158705,-34.55751918949164,44.99451599537034,125.60739763890182,0.992
5700,3484,3577,0.974,4.44,364.8436268368946,374.58256406302297,19.89675347273828,45.145970186659106,126.50880250072213,0.974
5720,3544,3633,0.976,4.46,371.1268121440742,380.44687034972395,30.368728984701157,45.852756412673344,127.41878976671543,0.976
5740,3493,3746,0.932,4.48,365.78610463297156,392.2802026782455,93.20058205649742,47.2789500473092,128.3501068313153,0.932
5760,3501,3664,0.956,4.5,366.62386267392884,383.6931827584334,1.0471975511933576,46.24401307350265,129.2853364625234,0.956
5780,3559,3591,0.991,4.52,372.6976084708691,376.04864063469824,27.2271363311154,45.322666743162664,130.20100326069002,0.991
5800,3514,3603,0.975,4.54,367.98521949048444,377.3052776961341,27.227136331108508,45.47412093445143,131.10897113746617,0.975
5840,3522,3790,0.929,4.58,368.8229775314417,396.88787190351053,82.20500776893395,47.83428208203467,132.9751391977959,0.929
5860,3581,3637,0.985,4.6,375.0014430835016,380.8657493702026,-114.14453308043407,45.90324114310293,133.91251443004725,0.985
5880,3585,3644,0.984,4.62,375.42032210398025,381.5987876560402,-20.943951023928747,45.99158942135471,134.83146273569184,0.984
5900,3532,3698,0.955,4.64,369.8701750826383,387.25365443250183,112.05013797803599,46.67313328215415,135.7581099627269,0.955
5920,3590,3796,0.946,4.66,375.94392087957857,397.51619043422846,202.10912738093998,47.91000917767905,136.70394138732527,0.946
5940,3538,3725,0.95,4.68,370.49849361335623,390.08108782073265,-68.0678408277814,47.013905212553865,137.65318053122758,0.95
5980,3612,3736,0.967,4.72,378.24775549221107,391.2330051270489,51.83627878423205,47.15273822123523,139.53651339990336,0.967
6000,3558,3803,0.936,4.74,372.59288871574944,398.24922872006607,166.50441064025372,47.99835745593083,140.48802435667503,0.936
6020,3622,3714,0.975,4.76,379.29495304340765,388.9291705144164,16.755160819147722,46.8750722038725,141.43675865327305,0.975
6040,3567,3711,0.961,4.78,373.5353665118264,388.6150112490574,-89.01179185170996,46.83720865605031,142.3738814618723,0.961
6060,3633,3775,0.962,4.8,380.44687034972395,395.31707557671564,52.359877559829876,47.64496434292372,143.318703191862,0.962
6080,3644,3847,0.947,4.82,381.5987876560402,402.8568979453311,116.23892818282131,48.5536894906563,144.28068973019782,0.947
6100,3600,3796,0.948,4.84,376.99111843077515,397.51619043422846,-7.33038285837624,47.91000917767905,145.24532671688115,0.948
6120,3656,3746,0.976,4.86,382.8554247174761,392.2802026782455,33.51032163829111,47.2789500473092,146.19721630913105,0.976
6140,3613,3878,0.932,4.88,378.35247524733074,406.1032103540406,174.8819910498364,48.94494615148561,147.159455271119,0.932
6160,3666,3856,0.951,4.9,383.9026222686727,403.7993757414081,84.82300164691966,48.667280134122876,148.1355775339751,0.951
6180,3669,3739,0.981,4.92,384.21678153403167,391.54716439240786,-113.09733552923504,47.19060176905742,149.09415635300687,0.981
6200,3634,3792,0.958,4.94,380.55159010484357,397.0973114137498,-4.188790204784612,47.85952444724946,150.04465761516997,0.958
6220,3688,3874,0.952,4.96,386.2064568813052,405.68433133356194,134.0412865531704,48.89446142105602,151.012197473853,0.952
6240,3656,3856,0.948,4.98,382.8554247174761,403.7993757414081,-23.038346126326736,48.667280134122876,151.98781488940483,0.948
6260,3671,3796,0.967,5.0,384.426221044271,397.51619043422846,-62.831853071800396,47.91000917767905,152.95358778252282,0.967
6280,3719,3855,0.965,5.02,389.45276929001466,403.6946559862884,121.47491593881031,48.65465895151548,153.91923446381475,0.965
6300,3683,3920,0.94,5.04,385.68285810570694,410.5014400690663,134.0412865531616,49.47503582099628,154.90053141153987,0.94
6320,3729,3834,0.973,5.06,390.4999668412113,401.4955411287755,-41.88790204786788,48.389614116760136,155.8791779109174,0.973
6340,3691,3856,0.957,5.08,386.5206161466642,403.7993757414081,2.8421709430403353e-12,48.667280134122876,156.84974685342627,0.957
6360,3693,3916,0.943,5.1,386.7300556569035,410.08256104858765,125.6637061435951,49.424551090566695,157.83066516567314,0.943
6380,3732,3901,0.957,5.12,390.81412610657026,408.51176472179276,48.171087355042935,49.23523335145574,158.8172630100934,0.957
6400,3694,3869,0.955,5.14,386.8347754120232,405.1607325579636,-53.40707511102892,48.83135550801904,159.79792889868813,0.955
6420,3737,3961,0.943,5.16,391.3377248821686,414.7949500289723,132.9940890019626,49.99250430789956,160.78616749684733,0.943
6440,3740,3866,0.967,5.18,391.65188414752754,404.84657329260466,10.471975511967681,48.793491960196846,161.77402745952827,0.967
6460,3704,3849,0.962,5.2,387.88197296321977,403.0663374555704,-70.16223593017068,48.57893185587109,162.74775169768898,0.962
6480,3741,3901,0.959,5.22,391.75660390264716,408.51176472179276,0.0,49.23523335145574,163.72589334976223,0.959
6500,3706,4011,0.924,5.24,388.0914124734591,420.0309377849553,148.70205226991627,50.62356343826941,164.7244813176595,0.924
6520,3705,3878,0.955,5.26,387.98669271833944,406.1032103540406,-86.91739674932151,48.94494615148561,165.72016641355702,0.955
6540,3732,3932,0.949,5.28,390.81412610657026,411.7580771305022,69.11503837897169,49.62649001228505,166.70588077519474,0.949
6560,3706,3976,0.932,5.3,388.0914124734591,416.3657463557672,132.99408900197136,50.18182204701051,167.70396389578767,0.932
6580,3726,3932,0.948,5.32,390.18580757585227,411.7580771305022,32.46312408709211,49.62649001228505,168.70204701638065,0.948
6600,3728,3856,0.967,5.34,390.3952470860916,403.7993757414081,-162.31562043547348,48.667280134122876,169.6849847178447,0.967
6620,3712,3955,0.939,5.36,388.71973100417705,414.1666314982544,80.6342114421379,49.91677721225518,170.67082529130852,0.939
6640,3728,3947,0.945,5.38,390.3952470860916,413.3288734572971,15.707963267945836,49.815807751396,171.668151140945,0.945
6660,3711,3894,0.953,5.4,388.6150112490574,407.77872643595515,-85.87019919811866,49.14688507320396,172.65777806919104,0.953
6680,3716,3987,0.932,5.42,389.1386100246557,417.51766366208346,57.59586531581656,50.32065505569188,173.65245347047997,0.932
6700,3737,3947,0.947,5.44,391.3377248821686,413.3288734572971,95.29497715888688,49.815807751396,174.65381809855086,0.947
6720,3719,3878,0.959,5.46,389.45276929001466,406.1032103540406,-80.63421144214148,48.94494615148561,175.64142563757966,0.959
6780,3696,3871,0.955,5.52,387.0442149222625,405.370172068203,-26.529004630313754,48.85659787323383,178.57547195832123,0.955
6800,3724,3881,0.96,5.54,389.976368065613,406.41736961939955,-13.613568165555675,48.98280969930779,179.55386603404668,0.96
6820,3716,4020,0.924,5.56,389.1386100246557,420.97341558103227,34.5575191894888,50.73715408173598,180.5510656718571,0.924
6840,3743,3877,0.965,5.58,391.9660434128865,405.9984905989209,-73.30382858375914,48.932324968878206,181.54776046236324,0.965
6880,3726,4051,0.92,5.62,390.18580757585227,424.2197279897417,90.5825881785062,51.12841074256529,183.5489751765921,0.92
6920,3728,3894,0.957,5.66,390.3952470860916,407.77872643595515,12.04277183875887,49.14688507320396,185.5544810929075,0.957
6940,3727,3944,0.945,5.68,390.29052733097194,413.01471419193814,65.973445725389,49.77794420357381,186.54372938567528,0.945
6980,3714,3924,0.946,5.72,388.9291705144164,410.92031908954493,-50.26548245743494,49.52552055142587,188.5297986807753,0.946
7000,3733,3995,0.934,5.74,390.91884586168993,418.35542170304075,123.56931104119438,50.421624516551056,189.5292701314551,0.934
7020,3736,3955,0.945,5.76,391.2330051270489,414.1666314982544,-100.5309649148778,49.91677721225518,190.53265414874312,0.945
7040,3720,3894,0.955,5.78,389.55748904513433,407.77872643595515,0.0,49.14688507320396,191.52329077159774,0.955
7060,3741,4019,0.931,5.8,391.75660390264716,420.8686958259126,78.53981633974624,50.72453289912859,192.52200495132104,0.931
7080,3726,3980,0.936,5.82,390.18580757585227,416.78462537624586,58.64306286700731,50.2323067774401,193.53157334808674,0.936
7100,3725,3901,0.955,5.84,390.08108782073265,408.51176472179276,-98.43656981247688,49.23523335145574,194.52624874937567,0.955
7120,3731,4011,0.93,5.86,390.7094063514506,420.0309377849553,58.64306286700731,50.62356343826941,195.52483671727293,0.93
7140,3718,3972,0.936,5.88,389.348049534895,415.9468673352886,81.681408993332,50.131337316580925,196.5323857248214,0.936
7160,3737,3894,0.96,5.9,391.3377248821686,407.77872643595515,-130.8996938995703,49.14688507320396,197.5251679487193,0.96
7180,3733,3963,0.942,5.92,390.91884586168993,415.0043895392117,-17.80235837034392,50.01774667311436,198.51681426618245,0.942
7200,3720,3976,0.936,5.94,389.55748904513433,416.3657463557672,78.53981633974558,50.18182204701051,199.5188099533837,0.936
7220,3744,3916,0.956,5.96,392.0707631680062,410.08256104858765,-99.48376736367875,49.424551090566695,200.51487368475946,0.956
7280,3743,3932,0.952,6.02,391.9660434128865,411.7580771305022,-13.962634015954807,49.62649001228505,203.486404917845,0.952
7300,3729,3972,0.939,6.04,390.4999668412113,415.9468673352886,81.68140899332836,50.131337316580925,204.4839831911337,0.939
