timestamp_ms,pri_rpm,sec_rpm,speed_mph,g_x,g_y,g_z,fix_status,sat_count
576,0.0,0.0,0.00,0.000,0.000,0.000,0,0
626,0.0,0.0,0.00,0.000,0.000,0.000,0,0
676,0.0,0.0,0.00,0.000,0.000,0.000,0,0
726,0.0,0.0,0.00,0.000,0.000,0.000,0,0
776,0.0,0.0,0.00,0.000,0.000,0.000,0,0
826,0.0,0.0,0.00,0.000,0.000,0.000,0,0
876,0.0,0.0,0.00,0.000,0.000,0.000,0,0
926,0.0,0.0,0.00,0.000,0.000,0.000,0,0
976,0.0,0.0,0.00,0.000,0.000,0.000,0,0
1026,0.0,0.0,0.00,0.000,0.000,0.000,0,0
1076,0.0,0.0,0.00,0.000,0.000,0.000,0,0
1126,0.0,0.0,0.00,0.000,0.000,0.000,0,0
1176,0.0,0.0,0.00,0.000,0.000,0.000,0,0
1226,0.0,0.0,0.00,0.000,0.000,0.000,0,0
1276,0.0,0.0,0.00,0.000,0.000,0.000,0,0
1326,0.0,0.0,0.00,0.000,0.000,0.000,0,0
1376,0.0,0.0,0.00,0.000,0.000,0.000,0,0
1426,0.0,0.0,0.00,0.000,0.000,0.000,0,0
1476,0.0,0.0,0.00,0.000,0.000,0.000,0,0
1526,0.0,0.0,0.00,0.000,0.000,0.000,0,0
1576,0.0,0.0,0.00,0.000,0.000,0.000,0,0
1626,0.0,0.0,0.00,0.000,0.000,0.000,0,0
1676,0.0,0.0,0.00,0.000,0.000,0.000,0,0
1726,0.0,0.0,0.00,0.000,0.000,0.000,0,0
1776,0.0,0.0,0.00,0.000,0.000,0.000,0,0
1826,0.0,0.0,0.00,0.000,0.000,0.000,0,0
1876,0.0,0.0,0.00,0.000,0.000,0.000,0,0
1926,0.0,0.0,0.00,0.000,0.000,0.000,0,0
1976,0.0,0.0,0.00,0.000,0.000,0.000,0,0
2026,0.0,0.0,0.00,0.000,0.000,0.000,0,0
2076,0.0,0.0,0.00,0.000,0.000,0.000,0,0
2126,0.0,0.0,0.00,0.000,0.000,0.000,0,0
2176,0.0,0.0,0.00,0.000,0.000,0.000,0,0
2227,0.0,0.0,0.00,0.000,0.000,0.000,0,0
2277,0.0,0.0,0.00,0.000,0.000,0.000,0,0
2327,0.0,0.0,0.00,0.000,0.000,0.000,0,0
2377,0.0,0.0,0.00,0.000,0.000,0.000,0,0
2427,0.0,0.0,0.00,0.000,0.000,0.000,0,0
2477,0.0,0.0,0.00,0.000,0.000,0.000,0,0
2528,0.0,0.0,0.00,0.000,0.000,0.000,0,0
2581,0.0,0.0,0.00,0.064,0.052,0.976,0,0
2634,0.0,0.0,0.00,0.064,0.049,0.980,0,0
2683,0.0,0.0,0.00,0.066,0.045,0.986,0,0
2733,0.0,0.0,0.00,0.066,0.045,0.987,0,0
2787,0.0,0.0,0.00,0.067,0.046,0.986,0,0
2836,0.0,0.0,0.00,0.067,0.045,0.985,0,0
2886,0.0,0.0,0.00,0.067,0.045,0.985,0,0
2936,0.0,0.0,0.00,0.067,0.045,0.984,0,0
2986,0.0,0.0,0.00,0.067,0.045,0.984,0,0
3036,0.0,0.0,0.00,0.067,0.045,0.984,0,0
3086,0.0,0.0,0.00,0.067,0.045,0.984,0,0
3136,0.0,0.0,0.00,0.067,0.045,0.983,0,0
3186,0.0,0.0,0.00,0.067,0.045,0.983,0,0
3237,0.0,0.0,0.00,0.067,0.045,0.983,0,0
3286,0.0,0.0,0.00,0.067,0.045,0.982,0,0
3336,0.0,0.0,0.00,0.067,0.045,0.982,0,0
3387,0.0,0.0,0.00,0.067,0.045,0.982,0,0
3436,0.0,0.0,0.00,0.067,0.045,0.982,0,0
3486,0.0,0.0,0.00,0.067,0.045,0.982,0,0
3536,0.0,0.0,4.32,0.067,0.045,0.982,3,4
3587,0.0,0.0,4.19,0.067,0.045,0.982,3,4
3637,0.0,0.0,4.01,0.067,0.045,0.981,3,4
3687,0.0,0.0,2.92,0.067,0.045,0.981,3,4
3737,0.0,0.0,2.42,0.067,0.045,0.981,3,4
3787,0.0,0.0,2.11,0.067,0.045,0.981,3,4
3837,0.0,0.0,1.80,0.067,0.045,0.981,3,4
3887,0.0,0.0,1.85,0.067,0.044,0.981,3,4
3937,0.0,0.0,1.46,0.067,0.044,0.981,3,4
3987,0.0,0.0,1.42,0.067,0.045,0.981,3,4
4037,0.0,0.0,1.18,0.066,0.045,0.981,3,4
4088,0.0,0.0,1.18,0.066,0.045,0.981,3,4
4138,0.0,0.0,1.11,0.067,0.045,0.980,3,4
4188,0.0,0.0,1.10,0.067,0.044,0.980,3,4
4242,0.0,0.0,0.97,0.067,0.044,0.981,3,4
4291,0.0,0.0,0.90,0.067,0.045,0.981,3,4
4341,0.0,0.0,0.94,0.067,0.045,0.981,3,4
4392,0.0,0.0,0.99,0.067,0.045,0.980,3,4
4441,0.0,0.0,0.99,0.068,0.045,0.980,3,4
4491,0.0,0.0,0.95,0.067,0.045,0.980,3,4
4541,0.0,0.0,0.59,0.067,0.045,0.981,3,5
4592,0.0,0.0,0.10,0.066,0.044,0.980,3,5
4642,0.0,0.0,0.11,0.068,0.041,0.985,3,5
4692,0.0,0.0,0.11,0.068,0.041,0.985,3,5
4742,0.0,0.0,0.35,0.116,-0.006,1.085,3,5
4792,0.0,0.0,0.16,0.147,-0.024,1.148,3,5
4842,0.0,0.0,0.24,0.172,-0.053,1.178,3,5
4892,0.0,0.0,0.39,0.158,-0.109,1.089,3,5
4942,0.0,55.4,0.59,0.145,-0.099,1.019,3,5
4992,0.0,55.4,0.51,0.137,-0.128,0.886,3,5
5042,0.0,55.4,0.31,0.151,-0.129,0.881,3,5
5093,0.0,55.4,0.64,0.158,-0.125,0.862,3,4
5143,0.0,55.4,1.02,0.192,-0.086,0.903,3,4
5193,0.0,55.4,1.26,0.190,-0.027,0.913,3,4
5243,0.0,55.4,1.68,0.130,0.150,0.754,3,4
5293,0.0,55.4,1.68,0.130,0.150,0.754,3,4
5343,0.0,55.4,1.56,0.130,0.371,0.782,3,4
5397,0.0,55.4,1.44,0.148,0.389,0.880,3,4
5446,0.0,21.0,1.19,0.155,0.330,1.050,3,4
5496,0.0,21.0,0.81,0.120,0.168,1.176,3,10
5546,0.0,86.3,0.80,0.080,0.142,1.106,3,13
5597,0.0,86.3,0.75,0.070,0.080,1.100,3,15
5647,0.0,86.3,0.70,0.059,0.002,1.040,3,14
5697,0.0,68.7,1.10,0.047,0.021,0.963,3,14
5747,0.0,68.7,0.77,0.052,0.026,0.942,3,14
5797,0.0,68.7,0.53,0.038,0.042,0.935,3,14
5847,0.0,68.7,0.39,0.041,0.053,0.957,3,15
5897,0.0,68.7,0.43,0.018,0.097,0.983,3,15
5947,0.0,68.7,0.50,0.028,0.098,0.998,3,15
5997,0.0,68.7,0.22,0.036,0.088,1.010,3,15
6047,0.0,68.7,0.24,0.065,0.048,1.042,3,15
6098,0.0,68.7,0.30,0.137,0.002,1.102,3,15
6148,0.0,68.7,0.31,0.170,-0.042,1.109,3,15
6198,0.0,68.7,0.35,0.179,-0.130,1.071,3,15
6248,0.0,68.7,0.31,0.190,-0.157,1.034,3,15
6298,0.0,68.7,0.79,0.217,-0.187,0.977,3,16
6348,0.0,68.7,0.75,0.227,-0.102,0.989,3,16
6402,0.0,68.7,0.86,0.196,-0.007,0.847,3,16
6452,0.0,13.2,0.89,0.148,0.065,0.761,3,16
6502,0.0,13.2,1.02,0.072,0.225,0.601,3,16
6552,0.0,13.2,1.00,0.084,0.334,0.709,3,16
6603,0.0,13.2,1.19,0.105,0.381,0.788,3,16
6656,0.0,13.2,1.19,0.180,0.218,1.134,3,16
6705,0.0,13.2,1.19,0.180,0.218,1.134,3,16
6755,0.0,13.2,0.17,0.122,0.090,1.194,3,16
6805,0.0,13.2,0.17,0.122,0.090,1.194,3,16
6855,0.0,13.2,0.17,0.122,0.090,1.194,3,16
6907,0.0,13.2,0.17,0.122,0.090,1.194,3,16
6956,0.0,13.2,0.45,0.028,0.203,1.035,3,16
7006,0.0,13.2,0.22,0.032,0.094,0.983,3,15
7056,0.0,13.2,0.12,0.053,0.003,0.964,3,15
7110,0.0,13.2,0.12,0.053,0.003,0.964,3,15
7159,0.0,13.2,0.23,0.057,0.064,1.016,3,15
7209,0.0,13.2,0.23,0.057,0.064,1.016,3,15
7260,0.0,13.2,0.09,0.064,0.074,1.004,3,16
7309,0.0,13.2,0.15,0.082,0.062,0.977,3,16
7359,0.0,13.2,0.10,0.104,0.064,0.970,3,16
7410,0.0,13.2,0.10,0.104,0.064,0.970,3,16
7459,0.0,9.9,0.18,0.115,0.053,0.978,3,16
7509,0.0,9.9,0.18,0.115,0.053,0.978,3,16
7560,0.0,9.9,0.16,0.116,0.057,0.979,3,16
7610,0.0,9.9,0.15,0.116,0.066,0.975,3,16
7660,0.0,9.9,0.02,0.116,0.061,0.975,3,16
7710,0.0,9.9,0.02,0.116,0.061,0.975,3,16
7760,0.0,9.9,0.19,0.110,0.059,0.977,3,16
7810,0.0,9.9,0.19,0.110,0.059,0.977,3,16
7860,0.0,9.9,0.02,0.097,0.061,0.977,3,16
7910,0.0,9.9,0.08,0.091,0.059,0.977,3,16
7960,0.0,9.9,0.23,0.083,0.056,0.979,3,16
8010,0.0,9.9,0.23,0.083,0.056,0.979,3,16
8060,0.0,9.9,0.20,0.082,0.061,0.979,3,16
8111,0.0,9.9,0.20,0.082,0.061,0.979,3,16
8161,0.0,9.9,0.16,0.088,0.058,0.977,3,16
8211,0.0,9.9,0.08,0.095,0.059,0.979,3,16
8261,0.0,9.9,0.16,0.100,0.060,0.976,3,16
8311,0.0,9.9,0.16,0.100,0.060,0.976,3,16
8361,0.0,9.9,0.11,0.095,0.058,0.975,3,16
8411,0.0,9.9,0.11,0.095,0.058,0.975,3,16
8461,0.0,0.0,0.09,0.089,0.059,0.978,3,16
8511,0.0,0.0,0.15,0.086,0.059,0.981,3,16
8561,0.0,0.0,0.15,0.095,0.059,0.976,3,16
8612,0.0,0.0,0.15,0.095,0.059,0.976,3,16
8662,0.0,0.0,0.09,0.095,0.061,0.977,3,16
8712,0.0,0.0,0.09,0.095,0.061,0.977,3,16
8762,0.0,0.0,0.03,0.095,0.056,0.979,3,16
8812,0.0,0.0,0.06,0.091,0.061,0.977,3,16
8862,0.0,0.0,0.06,0.090,0.058,0.979,3,16
8912,0.0,0.0,0.06,0.090,0.058,0.979,3,16
8962,0.0,0.0,0.07,0.091,0.059,0.978,3,16
9012,0.0,0.0,0.07,0.091,0.059,0.978,3,16
9062,0.0,0.0,0.03,0.094,0.061,0.978,3,16
9113,0.0,0.0,0.12,0.094,0.059,0.978,3,16
9163,0.0,0.0,0.10,0.094,0.058,0.977,3,16
9213,0.0,0.0,0.10,0.094,0.058,0.977,3,16
9263,0.0,0.0,0.14,0.092,0.060,0.978,3,16
9313,0.0,0.0,0.14,0.092,0.060,0.978,3,16
9363,0.0,0.0,0.09,0.091,0.060,0.978,3,16
9413,0.0,0.0,0.15,0.092,0.059,0.978,3,16
9463,0.0,0.0,0.08,0.093,0.058,0.978,3,16
9513,0.0,0.0,0.08,0.093,0.058,0.978,3,16
9563,0.0,0.0,0.16,0.092,0.060,0.978,3,16
9614,0.0,0.0,0.16,0.092,0.060,0.978,3,16
9670,0.0,0.0,0.06,0.093,0.060,0.977,3,16
9719,0.0,0.0,0.08,0.093,0.059,0.977,3,16
9769,0.0,0.0,0.10,0.092,0.059,0.978,3,16
9820,0.0,0.0,0.10,0.092,0.059,0.978,3,16
9869,0.0,0.0,0.10,0.092,0.057,0.976,3,16
9919,0.0,0.0,0.06,0.091,0.058,0.977,3,16
9970,0.0,0.0,0.06,0.091,0.058,0.977,3,16
10019,0.0,0.0,0.05,0.091,0.063,0.977,3,16
10069,0.0,0.0,0.09,0.091,0.062,0.979,3,16
10122,0.0,0.0,0.09,0.091,0.062,0.979,3,16
10172,0.0,0.0,0.03,0.091,0.056,0.978,3,16
10222,0.0,0.0,0.04,0.092,0.056,0.978,3,16
10273,0.0,0.0,0.04,0.092,0.056,0.978,3,16
10322,0.0,0.0,0.07,0.094,0.059,0.978,3,16
10372,0.0,0.0,0.04,0.097,0.061,0.978,3,16
10422,0.0,0.0,0.04,0.097,0.061,0.978,3,16
10472,0.0,0.0,0.02,0.094,0.065,0.977,3,16
10522,0.0,0.0,0.03,0.088,0.059,0.978,3,16
10572,0.0,0.0,0.03,0.088,0.059,0.978,3,16
10625,0.0,0.0,0.04,0.090,0.054,0.978,3,16
10675,0.0,0.0,0.11,0.095,0.059,0.977,3,16
10726,0.0,0.0,0.11,0.095,0.059,0.977,3,16
10775,0.0,0.0,0.08,0.099,0.063,0.978,3,16
10825,0.0,0.0,0.01,0.097,0.061,0.977,3,16
10875,0.0,0.0,0.01,0.097,0.061,0.977,3,16
10925,0.0,0.0,0.05,0.093,0.059,0.977,3,16
10975,0.0,0.0,0.06,0.092,0.053,0.974,3,16
11026,0.0,0.0,0.06,0.092,0.053,0.974,3,16
11076,0.0,0.0,0.09,0.095,0.063,0.976,3,16
11127,0.0,0.0,0.07,0.097,0.062,0.970,3,16
11177,0.0,0.0,0.04,0.099,0.059,0.970,3,16
11227,0.0,0.0,0.09,0.103,0.055,0.973,3,16
11277,0.0,0.0,0.05,0.101,0.056,0.979,3,16
11327,0.0,0.0,0.05,0.101,0.056,0.979,3,16
11377,0.0,0.0,0.04,0.096,0.056,0.979,3,16
11427,0.0,0.0,0.17,0.088,0.054,0.983,3,16
11480,0.0,0.0,0.20,0.083,0.050,0.986,3,16
11530,0.0,0.0,0.13,0.078,0.050,0.985,3,16
11580,0.0,0.0,0.09,0.069,0.061,0.982,3,16
11632,0.0,0.0,0.09,0.069,0.061,0.982,3,16
11681,0.0,0.0,0.11,0.065,0.061,0.979,3,16
11731,0.0,0.0,0.14,0.076,0.048,0.979,3,16
11781,0.0,0.0,0.14,0.083,0.046,0.980,3,16
11831,0.0,0.0,0.05,0.092,0.051,0.980,3,16
11881,0.0,0.0,0.03,0.101,0.060,0.977,3,16
11931,0.0,0.0,0.03,0.101,0.060,0.977,3,16
11981,0.0,0.0,0.02,0.104,0.058,0.978,3,16
12031,0.0,0.0,0.07,0.093,0.053,0.979,3,16
12081,0.0,0.0,0.04,0.085,0.053,0.979,3,16
12132,0.0,0.0,0.04,0.085,0.053,0.979,3,16
12182,0.0,0.0,0.09,0.072,0.058,0.980,3,16
12233,0.0,0.0,0.09,0.072,0.058,0.980,3,16
12283,0.0,0.0,0.12,0.075,0.057,0.979,3,16
12333,0.0,9.9,0.04,0.083,0.055,0.977,3,15
12383,0.0,9.9,0.04,0.087,0.054,0.979,3,15
12433,0.0,9.9,0.09,0.092,0.056,0.978,3,15
12483,0.0,9.9,0.10,0.105,0.054,0.979,3,16
12533,0.0,9.9,0.10,0.105,0.054,0.979,3,16
12583,0.0,9.9,0.05,0.104,0.058,0.975,3,16
12634,0.0,9.9,0.05,0.097,0.061,0.976,3,16
12684,0.0,9.9,0.05,0.099,0.054,0.977,3,16
12734,0.0,9.9,0.05,0.099,0.054,0.977,3,16
12784,0.0,9.9,0.06,0.098,0.051,0.973,3,16
12834,0.0,9.9,0.06,0.098,0.051,0.973,3,16
12884,0.0,9.9,0.04,0.094,0.062,0.981,3,16
12934,0.0,9.9,0.07,0.087,0.061,0.982,3,16
12984,0.0,9.9,0.07,0.080,0.055,0.979,3,16
13034,0.0,9.9,0.02,0.072,0.050,0.980,3,16
13084,0.0,9.9,0.05,0.055,0.055,0.980,3,16
13135,0.0,9.9,0.05,0.055,0.055,0.980,3,16
13185,0.0,9.9,0.04,0.064,0.061,0.978,3,16
13235,0.0,9.9,0.09,0.076,0.056,0.983,3,16
13285,0.0,10.8,0.11,0.078,0.053,0.985,3,16
13335,0.0,211.4,0.13,0.079,0.052,0.985,3,16
13385,1126.2,211.4,0.12,0.074,0.050,0.981,3,16
13435,820.5,211.4,0.12,0.074,0.050,0.981,3,16
13485,3091.3,211.4,0.15,0.055,0.060,0.972,3,16
13535,3091.3,211.4,0.09,0.097,0.066,0.957,3,16
13585,3091.3,211.4,0.13,0.099,0.046,0.950,3,16
13636,367.3,211.4,0.14,0.083,0.034,0.970,3,16
13686,367.3,211.4,0.12,0.086,0.058,0.969,3,16
13736,367.3,211.4,0.12,0.086,0.058,0.969,3,16
13786,367.3,211.4,0.16,0.107,0.066,0.998,3,16
13836,367.3,211.4,0.17,0.112,0.050,0.962,3,16
13886,367.3,211.4,0.14,0.108,0.048,0.960,3,16
13936,367.3,211.4,0.14,0.108,0.048,0.960,3,16
13986,367.3,211.4,0.03,0.109,0.047,0.985,3,16
14036,367.3,211.4,0.03,0.109,0.047,0.985,3,16
14086,367.3,211.4,0.06,0.111,0.053,0.978,3,16
14137,367.3,211.4,0.06,0.104,0.056,0.974,3,16
14187,367.3,211.4,0.07,0.099,0.056,0.978,3,16
14237,367.3,211.4,0.06,0.093,0.054,0.982,3,16
14287,367.3,211.4,0.07,0.078,0.053,0.981,3,16
14337,367.3,0.0,0.07,0.078,0.053,0.981,3,16
14387,367.3,0.0,0.12,0.072,0.052,0.979,3,16
14437,367.3,0.0,0.04,0.074,0.052,0.981,3,16
14487,367.3,0.0,0.07,0.078,0.053,0.981,3,16
14537,367.3,0.0,0.07,0.078,0.053,0.981,3,16
14587,367.3,0.0,0.06,0.086,0.055,0.980,3,16
14638,367.3,0.0,0.04,0.092,0.054,0.978,3,16
14688,367.3,0.0,0.04,0.092,0.054,0.978,3,16
14738,367.3,0.0,0.11,0.094,0.053,0.979,3,16
14788,367.3,0.0,0.05,0.093,0.053,0.979,3,16
14838,367.3,0.0,0.04,0.092,0.054,0.979,3,16
14888,367.3,0.0,0.06,0.087,0.054,0.979,3,16
14938,367.3,0.0,0.06,0.087,0.054,0.979,3,16
14988,367.3,0.0,0.15,0.085,0.054,0.979,3,16
15038,367.3,0.0,0.01,0.085,0.053,0.979,3,16
15088,367.3,0.0,0.06,0.087,0.053,0.979,3,16
15139,0.0,0.0,0.06,0.087,0.053,0.979,3,16
15189,0.0,0.0,0.04,0.091,0.054,0.979,3,16
15239,0.0,0.0,0.01,0.094,0.054,0.978,3,16
15289,0.0,0.0,0.01,0.094,0.054,0.978,3,16
15339,0.0,0.0,0.06,0.092,0.054,0.978,3,16
15389,0.0,0.0,0.02,0.091,0.053,0.979,3,16
15439,0.0,0.0,0.03,0.090,0.053,0.979,3,16
15489,0.0,0.0,0.05,0.089,0.053,0.980,3,16
15539,0.0,0.0,0.03,0.086,0.055,0.980,3,16
15589,0.0,0.0,0.03,0.086,0.055,0.980,3,16
15650,0.0,0.0,0.07,0.085,0.054,0.979,3,16
15700,0.0,0.0,0.06,0.086,0.053,0.979,3,16
15750,0.0,0.0,0.06,0.086,0.053,0.979,3,16
15800,0.0,0.0,0.06,0.087,0.053,0.979,3,16
15850,0.0,0.0,0.05,0.091,0.055,0.978,3,16
15900,0.0,0.0,0.03,0.092,0.055,0.979,3,16
15950,0.0,0.0,0.02,0.091,0.054,0.979,3,16
16000,0.0,0.0,0.13,0.087,0.053,0.980,3,16
16050,0.0,0.0,0.13,0.087,0.053,0.980,3,16
16100,0.0,0.0,0.02,0.087,0.054,0.979,3,16
16151,0.0,0.0,0.03,0.094,0.050,0.977,3,16
16202,0.0,0.0,0.05,0.098,0.054,0.979,3,16
16252,0.0,0.0,0.05,0.098,0.054,0.979,3,16
16302,0.0,0.0,0.04,0.098,0.055,0.981,3,16
16353,0.0,0.0,0.04,0.098,0.055,0.981,3,16
16403,0.0,0.0,0.22,0.099,0.057,0.976,3,16
16453,0.0,0.0,0.12,0.097,0.053,0.978,3,16
16505,0.0,0.0,0.17,0.096,0.053,0.979,3,16
16554,0.0,0.0,0.09,0.094,0.054,0.980,3,16
16604,0.0,0.0,0.16,0.087,0.057,0.980,3,16
16657,0.0,0.0,0.16,0.087,0.057,0.980,3,16
16707,0.0,0.0,0.12,0.081,0.054,0.980,3,16
16757,0.0,0.0,0.03,0.077,0.052,0.981,3,16
16807,0.0,0.0,0.05,0.074,0.053,0.980,3,16
16857,0.0,0.0,0.05,0.074,0.053,0.981,3,16
16907,0.0,0.0,0.04,0.073,0.054,0.978,3,16
16957,0.0,0.0,0.09,0.081,0.056,0.978,3,16
17007,0.0,0.0,0.09,0.081,0.056,0.978,3,16
17057,0.0,0.0,0.11,0.094,0.054,0.977,3,16
17107,0.0,0.0,0.00,0.097,0.054,0.977,3,16
17159,0.0,0.0,0.01,0.096,0.055,0.978,3,16
17209,0.0,0.0,0.09,0.088,0.058,0.981,3,16
17259,0.0,0.0,0.13,0.080,0.058,0.982,3,16
17309,0.0,0.0,0.13,0.080,0.058,0.982,3,16
17359,0.0,0.0,0.05,0.082,0.055,0.980,3,16
17409,0.0,0.0,0.12,0.084,0.055,0.979,3,16
17459,0.0,0.0,0.08,0.087,0.055,0.979,3,16
17509,0.0,0.0,0.09,0.091,0.056,0.979,3,16
17559,0.0,0.0,0.12,0.095,0.058,0.978,3,16
17609,0.0,0.0,0.12,0.095,0.058,0.978,3,16
17660,0.0,0.0,0.09,0.095,0.058,0.978,3,16
17710,0.0,0.0,0.05,0.093,0.057,0.978,3,16
17760,0.0,0.0,0.04,0.090,0.056,0.978,3,16
17810,0.0,0.0,0.08,0.086,0.056,0.979,3,16
17860,0.0,0.0,0.10,0.085,0.057,0.980,3,16
17910,0.0,0.0,0.10,0.085,0.057,0.980,3,16
17960,0.0,0.0,0.02,0.088,0.057,0.979,3,16
18010,0.0,0.0,0.08,0.088,0.057,0.979,3,16
18061,0.0,0.0,0.07,0.089,0.056,0.979,3,16
18110,0.0,0.0,0.07,0.090,0.056,0.979,3,16
18161,0.0,0.0,0.02,0.090,0.058,0.979,3,16
18211,0.0,0.0,0.02,0.090,0.058,0.979,3,16
18261,0.0,0.0,0.03,0.089,0.058,0.978,3,16
18311,0.0,0.0,0.04,0.089,0.057,0.979,3,16
18361,0.0,0.0,0.01,0.089,0.056,0.979,3,15
18411,0.0,0.0,0.09,0.085,0.056,0.979,3,15
18461,0.0,0.0,0.02,0.088,0.058,0.979,3,16
18511,0.0,0.0,0.02,0.088,0.058,0.979,3,16
18561,0.0,0.0,0.02,0.095,0.057,0.979,3,16
18611,0.0,0.0,0.06,0.093,0.056,0.981,3,16
18662,0.0,0.0,0.05,0.087,0.056,0.977,3,16
18712,0.0,0.0,0.05,0.085,0.056,0.979,3,16
18762,0.0,0.0,0.11,0.087,0.057,0.979,3,16
18812,0.0,0.0,0.11,0.087,0.057,0.979,3,16
18862,0.0,0.0,0.07,0.087,0.057,0.979,3,16
18912,0.0,0.0,0.10,0.087,0.056,0.979,3,16
18962,0.0,0.0,0.01,0.089,0.056,0.980,3,16
19012,0.0,0.0,0.04,0.090,0.057,0.979,3,16
19062,0.0,0.0,0.09,0.089,0.057,0.979,3,16
19112,0.0,0.0,0.09,0.089,0.057,0.979,3,16
19163,0.0,0.0,0.02,0.088,0.057,0.979,3,16
19213,0.0,0.0,0.06,0.088,0.057,0.979,3,16
19263,0.0,0.0,0.08,0.088,0.056,0.979,3,16
19313,0.0,0.0,0.07,0.089,0.056,0.979,3,16
19363,0.0,0.0,0.06,0.090,0.057,0.979,3,16
19413,0.0,0.0,0.06,0.090,0.057,0.979,3,16
19463,0.0,0.0,0.09,0.089,0.058,0.979,3,16
19513,0.0,0.0,0.11,0.088,0.058,0.979,3,16
19563,0.0,0.0,0.02,0.088,0.057,0.979,3,16
19613,0.0,0.0,0.01,0.088,0.056,0.979,3,16
19664,0.0,0.0,0.04,0.089,0.058,0.979,3,16
19714,0.0,0.0,0.04,0.089,0.058,0.979,3,16
19764,0.0,0.0,0.01,0.089,0.058,0.979,3,16
19814,0.0,0.0,0.03,0.089,0.057,0.979,3,16
19864,0.0,0.0,0.05,0.089,0.057,0.979,3,16
19914,0.0,0.0,0.04,0.088,0.057,0.979,3,16
19964,0.0,0.0,0.07,0.089,0.057,0.979,3,16
20014,0.0,0.0,0.07,0.089,0.057,0.979,3,16
20064,0.0,0.0,0.06,0.089,0.057,0.979,3,16
20114,0.0,0.0,0.01,0.089,0.057,0.980,3,16
20173,0.0,0.0,0.08,0.089,0.057,0.979,3,16
20223,0.0,0.0,0.02,0.089,0.057,0.979,3,16
20273,0.0,0.0,0.02,0.088,0.057,0.979,3,16
20323,0.0,0.0,0.02,0.088,0.057,0.979,3,16
20373,0.0,0.0,0.10,0.089,0.058,0.979,3,16
20423,0.0,0.0,0.09,0.089,0.057,0.979,3,16
20474,0.0,0.0,0.09,0.089,0.057,0.979,3,16
20523,0.0,0.0,0.04,0.089,0.057,0.979,3,16
20573,0.0,0.0,0.03,0.089,0.057,0.979,3,16
20623,0.0,0.0,0.03,0.089,0.057,0.979,3,16
20675,0.0,0.0,0.04,0.088,0.058,0.979,3,16
20725,0.0,0.0,0.08,0.088,0.057,0.979,3,16
20775,0.0,0.0,0.08,0.088,0.057,0.979,3,16
20825,0.0,0.0,0.08,0.090,0.057,0.979,3,16
20875,0.0,0.0,0.07,0.089,0.057,0.979,3,16
20925,0.0,0.0,0.07,0.089,0.057,0.979,3,16
20975,0.0,0.0,0.06,0.088,0.058,0.979,3,16
21025,0.0,0.0,0.01,0.088,0.056,0.978,3,16
21076,0.0,0.0,0.01,0.088,0.056,0.978,3,16
21125,0.0,0.0,0.03,0.088,0.055,0.979,3,16
21176,0.0,0.0,0.07,0.089,0.058,0.981,3,16
21227,0.0,0.0,0.07,0.089,0.058,0.981,3,16
21276,0.0,0.0,0.05,0.089,0.059,0.979,3,16
21326,0.0,0.0,0.04,0.089,0.057,0.979,3,16
21377,0.0,0.0,0.04,0.089,0.057,0.979,3,16
21426,0.0,0.0,0.04,0.089,0.056,0.979,3,16
21476,0.0,0.0,0.02,0.089,0.057,0.979,3,16
21527,0.0,0.0,0.02,0.089,0.057,0.979,3,16
21576,0.0,0.0,0.03,0.088,0.059,0.979,3,16
21626,0.0,0.0,0.06,0.088,0.057,0.979,3,16
21678,0.0,0.0,0.02,0.089,0.056,0.979,3,16
21727,0.0,0.0,0.02,0.089,0.056,0.979,3,16
21777,0.0,0.0,0.05,0.089,0.057,0.980,3,16
21827,0.0,0.0,0.05,0.089,0.057,0.980,3,16
21877,0.0,0.0,0.08,0.089,0.058,0.979,3,16
21927,0.0,0.0,0.08,0.089,0.058,0.979,3,16
21977,0.0,0.0,0.08,0.089,0.058,0.979,3,16
22027,0.0,0.0,0.09,0.089,0.057,0.979,3,16
22077,0.0,0.0,0.06,0.089,0.057,0.980,3,16
22127,0.0,0.0,0.06,0.089,0.057,0.980,3,16
22184,0.0,0.0,0.06,0.088,0.058,0.979,3,16
22234,0.0,0.0,0.03,0.089,0.058,0.979,3,16
22285,0.0,0.0,0.05,0.089,0.057,0.979,3,16
22334,0.0,0.0,0.06,0.089,0.057,0.979,3,16
22384,0.0,0.0,0.02,0.091,0.058,0.978,3,16
22434,0.0,0.0,0.02,0.091,0.058,0.978,3,16
22484,0.0,0.0,0.05,0.093,0.058,0.976,3,16
22534,0.0,0.0,0.06,0.092,0.058,0.977,3,16
22584,0.0,0.0,0.06,0.088,0.057,0.981,3,16
22634,0.0,0.0,0.02,0.082,0.057,0.985,3,16
22685,0.0,0.0,0.04,0.072,0.059,0.983,3,16
22735,0.0,0.0,0.04,0.072,0.059,0.983,3,16
22785,0.0,0.0,0.07,0.078,0.058,0.978,3,16
22835,0.0,0.0,0.06,0.088,0.057,0.980,3,16
22885,0.0,0.0,0.03,0.093,0.058,0.978,3,16
22935,0.0,0.0,0.07,0.096,0.058,0.977,3,16
22985,0.0,0.0,0.06,0.097,0.058,0.977,3,16
23035,0.0,0.0,0.06,0.097,0.058,0.977,3,16
23085,0.0,0.0,0.03,0.098,0.059,0.979,3,16
23135,0.0,0.0,0.10,0.094,0.059,0.978,3,16
23186,0.0,0.0,0.11,0.092,0.058,0.978,3,16
23236,0.0,0.0,0.04,0.090,0.058,0.979,3,16
23286,0.0,0.0,0.06,0.087,0.057,0.980,3,16
23336,0.0,0.0,0.06,0.087,0.057,0.980,3,16
23386,0.0,0.0,0.03,0.086,0.058,0.979,3,16
23436,0.0,0.0,0.06,0.087,0.059,0.979,3,16
23486,0.0,0.0,0.04,0.088,0.059,0.979,3,16
23536,0.0,0.0,0.04,0.088,0.059,0.979,3,16
23586,0.0,0.0,0.02,0.089,0.058,0.979,3,16
23636,0.0,0.0,0.02,0.089,0.058,0.979,3,16
23687,0.0,0.0,0.05,0.089,0.057,0.979,3,16
23737,0.0,0.0,0.09,0.088,0.058,0.979,3,16
23787,0.0,0.0,0.04,0.088,0.059,0.979,3,16
23837,0.0,0.0,0.07,0.089,0.059,0.979,3,16
23887,0.0,0.0,0.06,0.089,0.059,0.979,3,16
23937,0.0,0.0,0.06,0.089,0.059,0.979,3,16
23987,0.0,0.0,0.05,0.089,0.058,0.980,3,16
24037,0.0,0.0,0.08,0.089,0.058,0.979,3,16
24087,0.0,0.0,0.03,0.089,0.058,0.979,3,16
24137,0.0,0.0,0.03,0.089,0.058,0.979,3,16
24188,0.0,0.0,0.06,0.088,0.058,0.980,3,16
24238,0.0,0.0,0.09,0.085,0.058,0.982,3,16
24288,0.0,0.0,0.09,0.085,0.058,0.982,3,16
24338,0.0,0.0,0.10,0.086,0.058,0.978,3,16
24388,0.0,0.0,0.05,0.087,0.058,0.977,3,16
24438,0.0,0.0,0.06,0.089,0.056,0.977,3,16
24488,0.0,0.0,0.03,0.090,0.057,0.980,3,16
24538,0.0,0.0,0.08,0.089,0.060,0.978,3,16
24588,0.0,0.0,0.08,0.089,0.060,0.978,3,16
24638,0.0,0.0,0.02,0.086,0.058,0.980,3,16
24689,0.0,0.0,0.04,0.087,0.058,0.980,3,16
24739,0.0,0.0,0.05,0.087,0.057,0.980,3,16
24789,0.0,0.0,0.08,0.089,0.056,0.979,3,16
24839,0.0,0.0,0.08,0.089,0.056,0.979,3,16
24889,0.0,0.0,0.02,0.090,0.057,0.979,3,16
24939,0.0,0.0,0.03,0.091,0.060,0.980,3,16
24989,0.0,0.0,0.02,0.091,0.059,0.979,3,16
25039,0.0,0.0,0.07,0.092,0.058,0.978,3,16
25089,0.0,0.0,0.02,0.092,0.058,0.979,3,16
25139,0.0,0.0,0.02,0.092,0.058,0.979,3,16
25190,0.0,0.0,0.04,0.088,0.057,0.980,3,16
25240,0.0,0.0,0.10,0.084,0.057,0.980,3,16
25290,0.0,0.0,0.03,0.080,0.057,0.980,3,16
25340,0.0,0.0,0.07,0.078,0.057,0.980,3,16
25390,0.0,0.0,0.05,0.079,0.057,0.979,3,16
25440,0.0,0.0,0.03,0.090,0.057,0.979,3,16
25490,0.0,0.0,0.03,0.090,0.057,0.979,3,16
25540,0.0,0.0,0.00,0.096,0.058,0.979,3,16
25590,0.0,0.0,0.04,0.097,0.058,0.978,3,16
25640,0.0,0.0,0.07,0.096,0.057,0.978,3,16
25701,0.0,0.0,0.08,0.090,0.057,0.980,3,16
25751,0.0,0.0,0.16,0.085,0.058,0.980,3,16
25803,0.0,0.0,0.02,0.083,0.057,0.980,3,16
25852,0.0,0.0,0.06,0.082,0.056,0.980,3,16
25902,0.0,0.0,0.01,0.084,0.057,0.980,3,16
25953,0.0,0.0,0.01,0.084,0.057,0.980,3,16
26003,0.0,0.0,0.02,0.085,0.057,0.979,3,16
26053,0.0,0.0,0.04,0.091,0.058,0.979,3,16
26106,0.0,0.0,0.05,0.094,0.057,0.978,3,16
26155,0.0,0.0,0.09,0.095,0.057,0.978,3,16
26206,0.0,0.0,0.04,0.094,0.058,0.978,3,16
26257,0.0,0.0,0.04,0.094,0.058,0.978,3,16
26307,0.0,0.0,0.05,0.090,0.057,0.979,3,16
26357,0.0,0.0,0.04,0.085,0.057,0.980,3,16
26407,0.0,0.0,0.11,0.083,0.057,0.980,3,16
26457,0.0,0.0,0.04,0.082,0.057,0.980,3,16
26507,0.0,0.0,0.04,0.083,0.056,0.980,3,16
26557,0.0,0.0,0.04,0.083,0.056,0.980,3,16
26607,0.0,0.0,0.06,0.086,0.056,0.980,3,16
26657,0.0,0.0,0.02,0.090,0.058,0.978,3,16
26708,0.0,0.0,0.03,0.092,0.058,0.978,3,16
26758,0.0,0.0,0.03,0.093,0.058,0.978,3,16
26808,0.0,0.0,0.02,0.090,0.057,0.980,3,16
26860,0.0,0.0,0.02,0.090,0.057,0.980,3,16
26909,0.0,0.0,0.04,0.083,0.056,0.981,3,16
26959,0.0,0.0,0.07,0.080,0.058,0.980,3,16
27010,0.0,0.0,0.10,0.081,0.059,0.980,3,16
27059,0.0,0.0,0.11,0.084,0.059,0.979,3,16
27109,0.0,0.0,0.06,0.087,0.058,0.979,3,16
27159,0.0,0.0,0.06,0.087,0.058,0.979,3,16
27210,0.0,0.0,0.04,0.093,0.057,0.979,3,16
27260,0.0,0.0,0.07,0.095,0.058,0.979,3,16
27310,0.0,0.0,0.02,0.095,0.058,0.979,3,16
27360,0.0,0.0,0.03,0.094,0.058,0.979,3,16
27410,0.0,0.0,0.04,0.087,0.057,0.980,3,16
27460,0.0,0.0,0.03,0.082,0.057,0.980,3,16
27510,0.0,0.0,0.03,0.082,0.057,0.980,3,16
27560,0.0,0.0,0.07,0.084,0.057,0.980,3,16
27610,0.0,0.0,0.06,0.086,0.057,0.980,3,16
27660,0.0,0.0,0.02,0.088,0.058,0.980,3,16
27711,0.0,0.0,0.02,0.090,0.058,0.979,3,16
27761,0.0,0.0,0.04,0.090,0.057,0.979,3,16
27811,0.0,0.0,0.04,0.090,0.057,0.979,3,16
27861,0.0,0.0,0.07,0.090,0.058,0.979,3,16
27911,0.0,0.0,0.08,0.089,0.058,0.979,3,16
27961,0.0,0.0,0.06,0.089,0.057,0.979,3,16
28011,0.0,0.0,0.02,0.089,0.057,0.979,3,16
28061,0.0,0.0,0.05,0.088,0.057,0.979,3,16
28111,0.0,0.0,0.05,0.088,0.057,0.979,3,16
28161,0.0,0.0,0.03,0.087,0.057,0.980,3,16
28212,0.0,0.0,0.03,0.087,0.057,0.980,3,16
28262,0.0,0.0,0.05,0.087,0.057,0.980,3,16
28312,0.0,0.0,0.05,0.087,0.058,0.980,3,16
28362,0.0,0.0,0.05,0.089,0.057,0.979,3,16
28412,0.0,0.0,0.05,0.089,0.057,0.979,3,16
28462,0.0,0.0,0.05,0.092,0.057,0.979,3,16
28512,0.0,0.0,0.06,0.094,0.057,0.979,3,16
28562,0.0,0.0,0.02,0.095,0.057,0.979,3,16
28612,0.0,0.0,0.06,0.092,0.059,0.980,3,16
28662,0.0,0.0,0.06,0.084,0.060,0.980,3,16
28713,0.0,0.0,0.06,0.084,0.060,0.980,3,16
28763,0.0,0.0,0.03,0.080,0.057,0.980,3,16
28813,0.0,0.0,0.03,0.081,0.055,0.980,3,16
28863,0.0,0.0,0.03,0.082,0.055,0.980,3,16
28913,0.0,0.0,0.11,0.089,0.060,0.979,3,16
28963,0.0,0.0,0.02,0.091,0.060,0.979,3,16
29013,0.0,0.0,0.02,0.091,0.060,0.979,3,16
29063,0.0,0.0,0.03,0.093,0.058,0.980,3,16
29113,0.0,0.0,0.09,0.091,0.058,0.980,3,16
29163,0.0,0.0,0.05,0.088,0.059,0.979,3,16
29214,0.0,0.0,0.03,0.086,0.058,0.979,3,16
29264,0.0,0.0,0.05,0.086,0.058,0.979,3,16
29314,0.0,0.0,0.05,0.086,0.058,0.979,3,16
29364,0.0,0.0,0.03,0.090,0.060,0.978,3,16
29414,0.0,0.0,0.07,0.091,0.060,0.979,3,16
29464,0.0,0.0,0.02,0.092,0.060,0.979,3,16
29514,0.0,0.0,0.04,0.091,0.058,0.979,3,16
29564,0.0,0.0,0.04,0.090,0.058,0.979,3,16
29614,0.0,0.0,0.04,0.090,0.058,0.979,3,16
29664,0.0,0.0,0.04,0.090,0.058,0.979,3,16
29715,0.0,0.0,0.04,0.090,0.058,0.979,3,16
29765,0.0,0.0,0.10,0.084,0.058,0.981,3,16
29815,0.0,0.0,0.03,0.084,0.061,0.981,3,16
29865,0.0,0.0,0.05,0.087,0.058,0.980,3,16
29915,0.0,0.0,0.05,0.087,0.058,0.980,3,16
29965,0.0,0.0,0.02,0.091,0.058,0.979,3,16
30015,0.0,0.0,0.07,0.095,0.060,0.979,3,16
30065,0.0,0.0,0.07,0.095,0.060,0.979,3,16
30115,0.0,0.0,0.04,0.094,0.059,0.979,3,16
30165,0.0,0.0,0.10,0.092,0.061,0.979,3,16
30224,0.0,0.0,0.10,0.092,0.061,0.979,3,16
30274,0.0,0.0,0.01,0.086,0.058,0.981,3,16
30324,0.0,0.0,0.13,0.077,0.051,0.984,3,16
30374,0.0,0.0,0.13,0.077,0.051,0.984,3,16
30424,0.0,0.0,0.05,0.068,0.060,0.984,3,16
30474,0.0,0.0,0.10,0.070,0.065,0.976,3,16
30524,0.0,0.0,0.10,0.070,0.065,0.976,3,16
30574,0.0,0.0,0.12,0.087,0.054,0.976,3,16
30624,0.0,0.0,0.15,0.096,0.057,0.982,3,16
30674,0.0,0.0,0.15,0.096,0.057,0.982,3,16
30726,0.0,0.0,0.13,0.094,0.062,0.978,3,16
30776,0.0,0.0,0.09,0.098,0.059,0.976,3,16
30826,0.0,0.0,0.09,0.098,0.059,0.976,3,16
30876,0.0,0.0,0.01,0.095,0.053,0.980,3,16
30926,0.0,0.0,0.09,0.077,0.054,0.985,3,16
30976,0.0,0.0,0.09,0.077,0.054,0.985,3,16
31026,0.0,0.0,0.07,0.049,0.059,0.989,3,16
31076,0.0,0.0,0.11,0.061,0.069,0.973,3,16
31126,0.0,0.0,0.11,0.061,0.069,0.973,3,16
31176,0.0,0.0,0.19,0.080,0.048,0.974,3,16
31227,0.0,0.0,0.31,0.084,0.044,0.980,3,16
31277,0.0,0.0,0.31,0.084,0.044,0.980,3,16
31327,0.0,211.4,0.17,0.096,0.051,0.979,3,16
31377,0.0,211.4,0.02,0.104,0.057,0.980,3,16
31428,0.0,211.4,0.02,0.104,0.057,0.980,3,16
31477,0.0,211.4,0.18,0.098,0.055,0.980,3,16
31527,0.0,211.4,0.12,0.098,0.052,0.978,3,16
31578,0.0,211.4,0.12,0.098,0.052,0.978,3,16
31627,0.0,211.4,0.08,0.108,0.053,0.977,3,16
31677,0.0,211.4,0.06,0.128,0.062,0.964,3,16
31729,0.0,211.4,0.06,0.128,0.062,0.964,3,16
31778,0.0,211.4,0.11,0.120,0.047,0.982,3,16
31828,0.0,211.4,0.16,0.090,0.046,0.995,3,16
31878,0.0,211.4,0.16,0.090,0.046,0.995,3,16
31928,0.0,211.4,0.15,0.084,0.066,0.975,3,16
31978,367.3,211.4,0.20,0.082,0.066,0.975,3,16
32028,367.3,211.4,0.20,0.082,0.066,0.975,3,16
32078,367.3,13.1,0.14,0.075,0.055,0.981,3,16
32128,367.3,13.1,0.13,0.067,0.050,0.985,3,16
32178,367.3,13.1,0.13,0.067,0.050,0.985,3,16
32235,367.3,13.1,0.10,0.060,0.051,0.983,3,16
32285,367.3,13.1,0.07,0.053,0.058,0.982,3,16
32335,367.3,13.1,0.07,0.053,0.058,0.982,3,16
32385,367.3,13.1,0.10,0.061,0.059,0.980,3,16
32435,367.3,13.1,0.07,0.075,0.056,0.979,3,16
32485,367.3,13.1,0.12,0.080,0.055,0.980,3,16
32535,367.3,13.1,0.11,0.085,0.053,0.981,3,16
32585,367.3,13.1,0.07,0.090,0.054,0.981,3,16
32635,367.3,13.1,0.07,0.090,0.054,0.981,3,16
32685,367.3,13.1,0.10,0.095,0.058,0.979,3,16
32736,367.3,13.1,0.04,0.099,0.059,0.979,3,16
32786,367.3,13.1,0.04,0.101,0.056,0.979,3,16
32837,367.3,13.1,0.04,0.101,0.056,0.979,3,16
32886,367.3,13.1,0.08,0.100,0.055,0.976,3,16
32936,367.3,13.1,0.04,0.096,0.056,0.979,3,16
32987,367.3,13.1,0.08,0.091,0.056,0.981,3,16
33036,367.3,13.1,0.08,0.078,0.062,0.982,3,16
33086,367.3,0.0,0.05,0.076,0.058,0.979,3,16
33137,367.3,0.0,0.05,0.076,0.058,0.979,3,16
33186,367.3,0.0,0.03,0.079,0.051,0.982,3,16
33237,367.3,0.0,0.06,0.083,0.052,0.980,3,16
33287,367.3,0.0,0.10,0.088,0.055,0.979,3,16
33337,367.3,0.0,0.03,0.092,0.061,0.979,3,16
33387,367.3,0.0,0.02,0.090,0.057,0.980,3,16
33437,367.3,0.0,0.02,0.090,0.057,0.980,3,16
33487,0.0,0.0,0.03,0.087,0.056,0.979,3,16
33537,0.0,0.0,0.06,0.087,0.056,0.979,3,16
33587,0.0,0.0,0.07,0.086,0.055,0.980,3,16
33637,0.0,0.0,0.03,0.083,0.056,0.981,3,16
33687,0.0,0.0,0.05,0.081,0.058,0.980,3,16
33738,0.0,0.0,0.05,0.081,0.058,0.980,3,16
33788,0.0,0.0,0.07,0.081,0.058,0.980,3,16
33838,0.0,0.0,0.07,0.081,0.057,0.980,3,16
33888,0.0,0.0,0.02,0.083,0.057,0.980,3,16
33938,0.0,0.0,0.07,0.087,0.056,0.980,3,16
33988,0.0,0.0,0.06,0.091,0.058,0.979,3,16
34038,0.0,0.0,0.06,0.091,0.058,0.979,3,16
34088,0.0,0.0,0.02,0.094,0.059,0.978,3,16
34138,0.0,0.0,0.03,0.097,0.058,0.978,3,16
34188,0.0,0.0,0.11,0.098,0.057,0.979,3,16
34239,0.0,0.0,0.04,0.097,0.056,0.979,3,16
34289,0.0,0.0,0.07,0.094,0.057,0.983,3,16
34339,0.0,0.0,0.07,0.094,0.057,0.983,3,16
34389,0.0,0.0,0.08,0.086,0.057,0.985,3,16
34439,0.0,13.1,0.07,0.073,0.056,0.987,3,16
34489,0.0,13.1,0.02,0.059,0.057,0.985,3,16
34539,0.0,13.1,0.02,0.048,0.057,0.980,3,16
34589,0.0,13.1,0.11,0.054,0.051,0.978,3,16
34639,0.0,13.1,0.11,0.054,0.051,0.978,3,16
34689,0.0,13.1,0.07,0.062,0.051,0.985,3,16
34740,0.0,13.1,0.22,0.080,0.057,0.981,3,16
34790,367.3,13.1,0.22,0.080,0.057,0.981,3,16
34840,1352.0,13.1,0.12,0.088,0.057,0.976,3,16
34890,1352.0,23.6,0.11,0.093,0.079,1.016,3,16
34940,3378.4,23.6,0.11,0.093,0.079,1.016,3,16
34990,3378.4,23.6,0.17,0.089,0.065,1.001,3,16
35040,3378.4,23.6,0.22,0.109,0.069,0.975,3,16
35090,3378.4,23.6,0.15,0.144,0.058,0.943,3,16
35140,3378.4,23.6,0.08,0.132,0.040,1.005,3,16
35190,257.4,23.6,0.12,0.128,0.058,0.994,3,16
35241,257.4,23.6,0.12,0.128,0.058,0.994,3,16
35291,257.4,23.6,0.11,0.115,0.058,0.984,3,16
35341,257.4,23.6,0.10,0.102,0.054,0.973,3,16
35391,257.4,23.6,0.12,0.095,0.058,0.969,3,16
35441,257.4,23.6,0.20,0.083,0.060,0.980,3,16
35491,257.4,23.6,0.10,0.062,0.050,0.981,3,16
35541,257.4,23.6,0.10,0.062,0.050,0.981,3,16
35591,257.4,23.6,0.06,0.058,0.051,0.988,3,16
35641,257.4,23.6,0.11,0.051,0.055,0.980,3,16
35691,257.4,23.6,0.11,0.044,0.059,0.975,3,16
35752,257.4,23.6,0.07,0.057,0.055,0.980,3,16
35802,257.4,23.6,0.05,0.073,0.055,0.985,3,16
35853,257.4,0.0,0.05,0.073,0.055,0.985,3,16
35903,257.4,0.0,0.08,0.083,0.056,0.980,3,16
35953,257.4,0.0,0.11,0.094,0.056,0.979,3,16
36003,257.4,0.0,0.11,0.094,0.056,0.979,3,16
36053,257.4,0.0,0.09,0.100,0.058,0.980,3,16
36103,257.4,0.0,0.06,0.102,0.058,0.977,3,16
36153,257.4,0.0,0.06,0.102,0.058,0.977,3,16
36203,257.4,0.0,0.04,0.101,0.057,0.979,3,16
36254,257.4,0.0,0.05,0.093,0.056,0.980,3,16
36306,257.4,0.0,0.04,0.090,0.057,0.980,3,16
36356,257.4,0.0,0.11,0.087,0.057,0.980,3,16
36406,257.4,0.0,0.11,0.083,0.057,0.980,3,16
36456,257.4,0.0,0.11,0.083,0.057,0.980,3,16
36506,257.4,0.0,0.11,0.080,0.055,0.981,3,16
36556,257.4,0.0,0.03,0.078,0.056,0.981,3,16
36607,257.4,0.0,0.10,0.079,0.057,0.980,3,16
36656,0.0,0.0,0.05,0.081,0.058,0.980,3,16
36706,0.0,0.0,0.10,0.087,0.056,0.980,3,16
36757,0.0,0.0,0.10,0.087,0.056,0.980,3,16
36807,0.0,0.0,0.03,0.087,0.055,0.981,3,16
36857,0.0,0.0,0.03,0.079,0.054,0.981,3,16
36908,0.0,0.0,0.05,0.076,0.055,0.980,3,16
36958,0.0,0.0,0.06,0.077,0.059,0.981,3,16
37008,0.0,0.0,0.13,0.086,0.060,0.980,3,16
37058,0.0,0.0,0.13,0.086,0.060,0.980,3,16
37108,0.0,0.0,0.04,0.091,0.053,0.978,3,16
37158,0.0,0.0,0.04,0.100,0.057,0.979,3,16
37208,0.0,0.0,0.05,0.102,0.059,0.979,3,16
37259,0.0,0.0,0.05,0.102,0.059,0.979,3,16
37309,0.0,0.0,0.06,0.095,0.058,0.979,3,16
37360,0.0,0.0,0.06,0.095,0.058,0.979,3,16
37409,0.0,0.0,0.03,0.086,0.056,0.981,3,16
37459,0.0,0.0,0.01,0.081,0.053,0.981,3,16
37510,0.0,0.0,0.03,0.079,0.053,0.981,3,16
37559,0.0,0.0,0.07,0.075,0.054,0.980,3,16
37609,0.0,0.0,0.02,0.060,0.051,0.983,3,16
37661,0.0,0.0,0.02,0.060,0.051,0.983,3,16
37710,0.0,0.0,0.05,0.047,0.057,0.985,3,16
37761,0.0,0.0,0.19,0.079,0.069,0.976,3,16
37811,0.0,0.0,0.23,0.093,0.051,0.982,3,16
37861,0.0,0.0,0.23,0.093,0.051,0.982,3,16
37911,0.0,0.0,0.09,0.098,0.050,0.980,3,16
37961,0.0,0.0,0.09,0.098,0.050,0.980,3,16
38011,0.0,23.6,0.12,0.099,0.055,0.975,3,16
38061,0.0,23.6,0.09,0.095,0.051,0.981,3,16
38111,0.0,23.6,0.10,0.086,0.056,0.980,3,16
38161,0.0,23.6,0.10,0.086,0.056,0.980,3,16
38211,0.0,23.6,0.05,0.080,0.054,0.980,3,16
38262,0.0,23.6,0.05,0.080,0.054,0.980,3,16
38312,0.0,23.6,0.06,0.080,0.048,0.980,3,16
38362,0.0,23.6,0.04,0.079,0.045,0.981,3,16
38412,0.0,23.6,0.11,0.080,0.046,0.980,3,16
38462,0.0,23.6,0.11,0.080,0.046,0.980,3,16
38512,0.0,23.6,0.06,0.090,0.056,0.982,3,16
38562,0.0,23.6,0.06,0.090,0.056,0.982,3,16
38612,0.0,23.6,0.06,0.095,0.055,0.980,3,16
38662,0.0,23.6,0.05,0.098,0.053,0.978,3,16
38712,0.0,23.6,0.07,0.096,0.048,0.981,3,16
38763,0.0,23.6,0.07,0.096,0.048,0.981,3,16
38813,0.0,23.6,0.03,0.093,0.049,0.981,3,16
38863,0.0,23.6,0.03,0.093,0.049,0.981,3,16
38913,0.0,23.6,0.12,0.088,0.055,0.980,3,16
38963,0.0,23.6,0.04,0.082,0.055,0.981,3,16
39013,0.0,0.0,0.11,0.074,0.049,0.981,3,16
39063,0.0,0.0,0.11,0.074,0.049,0.981,3,16
39113,0.0,0.0,0.11,0.071,0.048,0.981,3,16
39163,0.0,0.0,0.11,0.071,0.048,0.981,3,16
39213,0.0,0.0,0.07,0.067,0.051,0.983,3,16
39264,0.0,8.0,0.04,0.072,0.054,0.982,3,16
39314,0.0,8.0,0.07,0.082,0.053,0.980,3,16
39364,0.0,8.0,0.07,0.082,0.053,0.980,3,16
39414,0.0,8.0,0.04,0.089,0.051,0.981,3,16
39464,0.0,8.0,0.04,0.089,0.051,0.981,3,16
39514,0.0,8.0,0.01,0.092,0.051,0.979,3,16
39564,0.0,8.0,0.07,0.089,0.052,0.979,3,16
39614,0.0,8.0,0.04,0.084,0.053,0.980,3,16
39664,0.0,8.0,0.04,0.084,0.053,0.980,3,16
39714,0.0,8.0,0.02,0.081,0.054,0.981,3,16
39765,0.0,8.0,0.02,0.081,0.054,0.981,3,16
39815,0.0,8.0,0.08,0.081,0.054,0.980,3,16
39865,0.0,8.0,0.04,0.084,0.052,0.980,3,16
39915,0.0,8.0,0.07,0.085,0.053,0.981,3,16
39965,0.0,8.0,0.07,0.085,0.053,0.981,3,16
40015,0.0,8.0,0.08,0.084,0.055,0.981,3,16
40065,0.0,8.0,0.03,0.083,0.055,0.981,3,16
40115,0.0,8.0,0.04,0.084,0.054,0.980,3,16
40165,0.0,8.0,0.06,0.087,0.052,0.979,3,16
40215,0.0,8.0,0.01,0.090,0.055,0.979,3,16
40266,0.0,0.0,0.01,0.090,0.055,0.979,3,16
40316,0.0,0.0,0.07,0.091,0.056,0.978,3,16
40366,0.0,0.0,0.09,0.093,0.055,0.978,3,16
40416,0.0,0.0,0.06,0.094,0.054,0.978,3,16
40466,0.0,0.0,0.05,0.088,0.053,0.981,3,16
40516,0.0,0.0,0.06,0.077,0.056,0.986,3,16
40566,0.0,0.0,0.06,0.077,0.056,0.986,3,16
40616,0.0,0.0,0.08,0.064,0.060,0.984,3,16
40666,0.0,0.0,0.04,0.060,0.059,0.981,3,16
40716,0.0,0.0,0.04,0.061,0.055,0.980,3,16
40777,0.0,0.0,0.06,0.067,0.052,0.983,3,16
40827,0.0,0.0,0.02,0.083,0.055,0.981,3,16
40877,0.0,0.0,0.02,0.083,0.055,0.981,3,16
40927,0.0,0.0,0.11,0.093,0.057,0.978,3,16
40977,0.0,0.0,0.09,0.095,0.056,0.978,3,16
41027,0.0,0.0,0.09,0.095,0.056,0.978,3,16
41077,0.0,0.0,0.11,0.097,0.055,0.980,3,16
41127,0.0,0.0,0.02,0.093,0.055,0.979,3,16
41177,0.0,0.0,0.02,0.093,0.055,0.979,3,16
41227,0.0,0.0,0.02,0.087,0.055,0.980,3,16
41278,0.0,0.0,0.05,0.082,0.056,0.981,3,16
41329,0.0,0.0,0.08,0.080,0.055,0.980,3,16
41378,0.0,0.0,0.03,0.079,0.055,0.981,3,16
41428,0.0,0.0,0.06,0.078,0.054,0.981,3,16
41479,0.0,0.0,0.06,0.078,0.054,0.981,3,16
41528,0.0,0.0,0.06,0.080,0.055,0.981,3,16
41578,0.0,0.0,0.04,0.082,0.055,0.980,3,16
41629,0.0,0.0,0.08,0.083,0.055,0.981,3,16
41678,0.0,0.0,0.02,0.084,0.055,0.981,3,16
41728,0.0,0.0,0.13,0.086,0.056,0.980,3,16
41779,0.0,0.0,0.13,0.086,0.056,0.980,3,16
41829,0.0,0.0,0.08,0.096,0.055,0.978,3,16
41879,0.0,0.0,0.02,0.107,0.053,0.977,3,16
41929,0.0,0.0,0.08,0.105,0.055,0.981,3,16
41979,0.0,0.0,0.17,0.098,0.053,0.980,3,16
42029,0.0,0.0,0.07,0.083,0.058,0.983,3,16
42080,0.0,0.0,0.07,0.083,0.058,0.983,3,16
42129,0.0,0.0,0.03,0.074,0.059,0.984,3,16
42179,0.0,0.0,0.13,0.057,0.055,0.984,3,16
42229,0.0,0.0,0.14,0.052,0.054,0.981,3,16
42286,0.0,0.0,0.07,0.053,0.052,0.982,3,16
42336,0.0,0.0,0.08,0.066,0.054,0.981,3,16
42386,0.0,0.0,0.08,0.066,0.054,0.981,3,16
42436,0.0,0.0,0.15,0.080,0.058,0.981,3,16
42486,0.0,0.0,0.03,0.090,0.058,0.980,3,16
42536,0.0,0.0,0.04,0.094,0.056,0.979,3,16
42586,0.0,0.0,0.06,0.097,0.055,0.979,3,16
42636,0.0,0.0,0.03,0.101,0.056,0.979,3,16
42686,0.0,0.0,0.03,0.101,0.056,0.979,3,16
42736,0.0,0.0,0.03,0.100,0.057,0.979,3,16
42787,0.0,0.0,0.05,0.098,0.057,0.978,3,16
42837,0.0,0.0,0.06,0.100,0.056,0.977,3,16
42888,0.0,0.0,0.07,0.116,0.058,0.962,3,16
42937,0.0,0.0,0.17,0.153,0.068,0.922,3,16
42987,0.0,8.0,0.17,0.153,0.068,0.922,3,16
43038,0.0,8.0,0.43,0.194,0.073,0.949,3,16
43087,0.0,82.1,0.72,0.180,0.051,1.021,3,16
43137,0.0,82.1,0.64,0.142,0.044,1.033,3,16
43188,0.0,90.6,0.67,0.115,0.040,1.027,3,16
43237,0.0,90.6,0.64,0.090,0.042,1.022,3,16
43288,0.0,90.6,0.64,0.090,0.042,1.022,3,16
43338,0.0,84.0,0.66,0.045,0.039,1.011,3,16
43388,0.0,84.0,0.81,0.000,0.048,0.972,3,16
43438,0.0,84.0,0.67,-0.021,0.053,0.963,3,16
43488,0.0,84.0,0.48,-0.043,0.060,0.967,3,16
43538,0.0,84.0,0.26,-0.062,0.076,0.982,3,16
43588,0.0,84.0,0.26,-0.062,0.076,0.982,3,16
43638,0.0,84.0,0.11,-0.054,0.065,0.972,3,16
43688,0.0,84.0,0.14,-0.005,0.034,0.961,3,16
43738,0.0,84.0,0.15,0.027,0.037,0.977,3,16
43789,0.0,20.4,0.20,0.062,0.052,0.995,3,16
43839,0.0,20.4,0.22,0.087,0.066,0.998,3,16
43889,0.0,20.4,0.22,0.087,0.066,0.998,3,16
43939,0.0,20.4,0.11,0.084,0.058,0.971,3,16
43989,0.0,20.4,0.12,0.091,0.060,0.977,3,16
44039,0.0,20.4,0.11,0.093,0.063,0.979,3,16
44089,0.0,20.4,0.17,0.098,0.063,0.986,3,16
44139,0.0,20.4,0.06,0.100,0.051,0.983,3,16
44189,0.0,20.4,0.06,0.100,0.051,0.983,3,16
44239,0.0,20.4,0.11,0.108,0.054,0.981,3,16
44290,0.0,20.4,0.11,0.103,0.065,0.984,3,16
44340,0.0,20.4,0.15,0.087,0.063,0.985,3,16
44390,0.0,20.4,0.10,0.074,0.058,0.984,3,16
44440,0.0,20.4,0.03,0.053,0.050,0.980,3,16
44490,0.0,20.4,0.03,0.047,0.058,0.979,3,16
44540,0.0,20.4,0.03,0.047,0.058,0.979,3,16
44590,0.0,20.4,0.09,0.050,0.063,0.980,3,16
44640,0.0,20.4,0.04,0.058,0.062,0.981,3,16
44690,0.0,20.4,0.07,0.066,0.059,0.981,3,16
44740,0.0,20.4,0.11,0.083,0.054,0.981,3,16
44791,0.0,0.0,0.11,0.090,0.057,0.981,3,16
44841,0.0,0.0,0.11,0.090,0.057,0.981,3,16
44891,0.0,0.0,0.03,0.089,0.060,0.981,3,16
44941,0.0,0.0,0.06,0.086,0.060,0.982,3,16
44991,0.0,0.0,0.08,0.080,0.058,0.981,3,16
45041,0.0,0.0,0.09,0.068,0.055,0.982,3,16
45091,0.0,0.0,0.10,0.064,0.056,0.981,3,16
45141,0.0,0.0,0.10,0.064,0.056,0.981,3,16
45191,0.0,0.0,0.06,0.061,0.058,0.981,3,16
45241,0.0,0.0,0.04,0.063,0.059,0.981,3,16
45292,0.0,0.0,0.09,0.067,0.059,0.981,3,16
45342,0.0,0.0,0.03,0.078,0.058,0.981,3,16
45392,0.0,0.0,0.04,0.086,0.058,0.980,3,16
45442,0.0,0.0,0.04,0.086,0.058,0.980,3,16
45492,0.0,0.0,0.05,0.086,0.059,0.982,3,16
45542,0.0,0.0,0.04,0.076,0.058,0.986,3,16
45592,0.0,0.0,0.05,0.063,0.056,0.989,3,16
45642,0.0,0.0,0.04,0.039,0.050,0.982,3,16
45692,0.0,0.0,0.10,0.045,0.060,0.973,3,16
45742,0.0,0.0,0.10,0.045,0.060,0.973,3,16
45795,0.0,0.0,0.12,0.053,0.070,0.975,3,16
45845,0.0,0.0,0.11,0.058,0.070,0.980,3,16
45898,0.0,0.0,0.15,0.066,0.067,0.980,3,16
45948,0.0,0.0,0.12,0.078,0.049,0.979,3,16
45998,0.0,0.0,0.10,0.084,0.050,0.981,3,16
46048,0.0,20.4,0.10,0.084,0.050,0.981,3,16
46098,0.0,20.4,0.06,0.094,0.069,0.981,3,16
46148,0.0,20.4,0.07,0.097,0.072,0.984,3,16
46198,0.0,20.4,0.05,0.097,0.066,0.985,3,16
46248,0.0,20.4,0.09,0.088,0.058,0.978,3,16
46299,0.0,20.4,0.04,0.081,0.058,0.982,3,16
46350,0.0,20.4,0.13,0.074,0.060,0.983,3,16
46400,0.0,20.4,0.08,0.069,0.062,0.983,3,16
46450,0.0,20.4,0.02,0.066,0.065,0.980,3,16
46500,0.0,20.4,0.02,0.066,0.065,0.980,3,16
46550,0.0,20.4,0.05,0.071,0.063,0.982,3,16
46600,0.0,20.4,0.11,0.077,0.059,0.981,3,16
46650,0.0,20.4,0.11,0.077,0.060,0.981,3,16
46700,0.0,20.4,0.04,0.076,0.062,0.981,3,16
46750,0.0,20.4,0.10,0.073,0.063,0.981,3,16
46803,0.0,20.4,0.10,0.073,0.063,0.981,3,16
46852,0.0,20.4,0.03,0.071,0.064,0.981,3,16
46902,0.0,20.4,0.04,0.070,0.062,0.981,3,16
46953,0.0,20.4,0.04,0.070,0.062,0.981,3,16
47002,0.0,20.4,0.06,0.071,0.060,0.981,3,16
47052,0.0,0.0,0.01,0.075,0.060,0.981,3,16
47102,0.0,0.0,0.01,0.075,0.060,0.981,3,16
47152,0.0,0.0,0.03,0.079,0.062,0.981,3,16
47202,0.0,0.0,0.09,0.076,0.062,0.981,3,16
47252,0.0,0.0,0.06,0.073,0.063,0.981,3,16
47305,0.0,0.0,0.04,0.071,0.063,0.981,3,16
47355,0.0,0.0,0.03,0.070,0.062,0.981,3,16
47407,0.0,0.0,0.03,0.070,0.062,0.981,3,16
47457,0.0,0.0,0.03,0.068,0.059,0.981,3,16
47507,0.0,0.0,0.02,0.068,0.062,0.980,3,16
47557,0.0,0.0,0.02,0.068,0.062,0.980,3,16
47607,0.0,0.0,0.01,0.070,0.063,0.981,3,16
47657,0.0,0.0,0.03,0.071,0.060,0.982,3,16
47707,0.0,0.0,0.03,0.071,0.060,0.982,3,16
47757,0.0,0.0,0.01,0.055,0.057,0.982,3,16
47808,0.0,0.0,0.08,0.033,0.056,0.985,3,16
47859,0.0,0.0,0.09,0.028,0.056,0.983,3,16
47909,0.0,0.0,0.15,0.041,0.063,0.978,3,16
47959,0.0,0.0,0.16,0.083,0.067,0.973,3,16
48009,257.4,0.0,0.16,0.083,0.067,0.973,3,16
48059,257.4,0.0,0.16,0.066,0.041,0.984,3,16
48109,257.4,0.0,0.21,0.050,0.045,0.989,3,16
48159,409.3,0.0,0.23,0.067,0.057,0.975,3,16
48209,409.3,20.4,0.16,0.076,0.064,0.977,3,16
48259,409.3,20.4,0.08,0.080,0.056,0.988,3,16
48310,409.3,20.4,0.14,0.071,0.062,0.977,3,16
48360,321.7,20.4,0.14,0.071,0.062,0.977,3,16
48410,321.7,20.4,0.16,0.074,0.062,0.979,3,15
48461,321.7,20.4,0.14,0.061,0.056,0.986,3,15
48510,321.7,20.4,0.12,0.059,0.052,0.982,3,15
48560,321.7,20.4,0.49,0.069,0.061,0.980,3,16
48612,321.7,20.4,0.34,0.082,0.063,0.984,3,16
48661,321.7,20.4,0.34,0.082,0.063,0.984,3,16
48711,321.7,20.4,0.19,0.088,0.057,0.978,3,16
48761,321.7,20.4,0.19,0.088,0.057,0.978,3,16
48812,321.7,20.4,0.14,0.094,0.054,0.980,3,16
48862,321.7,20.4,0.08,0.100,0.055,0.979,3,16
48912,321.7,20.4,0.12,0.107,0.061,0.977,3,16
48962,321.7,20.4,0.12,0.107,0.061,0.977,3,16
49012,321.7,20.4,0.13,0.113,0.061,0.973,3,16
49062,321.7,20.4,0.13,0.116,0.060,0.976,3,16
49112,321.7,20.4,0.14,0.118,0.057,0.982,3,16
49162,321.7,20.4,0.21,0.082,0.044,0.995,3,16
49212,70.8,10.3,0.27,0.013,0.051,0.984,3,16
49262,70.8,10.3,0.27,0.013,0.051,0.984,3,16
49313,70.8,10.3,0.11,0.047,0.092,0.969,3,16
49363,403.2,10.3,0.11,0.047,0.092,0.969,3,16
49413,403.2,10.3,0.02,0.061,0.079,0.968,3,16
49463,631.6,10.3,0.04,0.074,0.047,0.983,3,16
49513,829.8,10.3,0.17,0.022,0.026,0.989,3,16
49563,875.6,10.3,0.17,0.022,0.026,0.989,3,16
49613,875.6,10.3,0.06,0.067,0.080,0.958,3,16
49663,811.7,10.3,0.14,0.090,0.085,0.990,3,16
49713,811.7,10.3,0.12,0.124,0.083,0.977,3,16
49763,735.0,10.3,0.12,0.097,0.050,0.981,3,16
49814,958.2,10.3,0.11,0.077,0.040,1.003,3,16
49864,1033.9,10.3,0.11,0.077,0.040,1.003,3,16
49914,980.6,10.3,0.07,0.055,0.061,1.001,3,16
49964,980.6,10.3,0.07,0.055,0.061,1.001,3,16
50014,918.4,10.3,0.16,0.050,0.075,0.956,3,16
50064,1025.6,10.3,0.05,0.062,0.070,1.012,3,16
50114,1026.2,10.3,0.09,0.056,0.054,0.958,3,16
50164,992.6,10.3,0.09,0.056,0.054,0.958,3,16
50214,927.4,0.0,0.02,0.065,0.054,0.977,3,16
50264,927.4,9.6,0.04,0.069,0.059,0.994,3,16
50315,1043.0,9.6,0.07,0.069,0.061,0.992,3,16
50365,1045.4,9.6,0.07,0.075,0.066,0.985,3,16
50415,1033.0,9.6,0.04,0.084,0.059,0.976,3,16
50465,982.6,9.6,0.04,0.084,0.059,0.976,3,16
50515,1081.0,9.6,0.02,0.081,0.057,0.997,3,16
50565,1070.6,9.6,0.02,0.081,0.057,0.997,3,16
50615,1105.5,9.6,0.03,0.091,0.059,0.992,3,16
50665,1076.3,9.6,0.07,0.079,0.060,0.982,3,16
50715,1153.8,9.6,0.03,0.061,0.061,0.973,3,16
50765,1153.8,9.6,0.03,0.061,0.061,0.973,3,16
50816,1138.6,9.6,0.06,0.054,0.063,0.966,3,16
50866,1167.1,9.6,0.03,0.060,0.064,0.978,3,16
50916,1138.5,9.6,0.05,0.063,0.058,0.989,3,16
50966,1172.8,9.6,0.08,0.071,0.054,0.975,3,16
51016,1145.9,9.6,0.00,0.077,0.061,0.965,3,16
51066,1221.2,9.6,0.00,0.077,0.061,0.965,3,16
51116,1205.3,9.6,0.04,0.077,0.061,0.999,3,16
51166,1257.8,9.6,0.09,0.075,0.059,1.010,3,16
51216,1237.4,9.6,0.02,0.079,0.057,0.993,3,16
51266,1255.5,0.0,0.08,0.074,0.060,0.970,3,16
51317,1302.6,0.0,0.02,0.078,0.060,0.991,3,16
51367,1280.8,0.0,0.02,0.078,0.060,0.991,3,16
51417,1327.1,0.0,0.06,0.070,0.062,0.960,3,16
51467,1294.1,0.0,0.01,0.071,0.063,0.973,3,16
51517,1339.8,0.0,0.02,0.071,0.063,0.983,3,16
51567,1299.9,0.0,0.07,0.070,0.059,0.969,3,16
51617,1342.4,0.0,0.08,0.076,0.050,1.007,3,16
51667,1318.7,0.0,0.08,0.076,0.050,1.007,3,16
51717,1335.0,0.0,0.03,0.064,0.052,0.970,3,16
51767,1342.6,0.0,0.03,0.064,0.052,0.970,3,16
51823,1318.2,0.0,0.02,0.068,0.060,0.968,3,16
51872,1345.7,0.0,0.10,0.068,0.070,0.974,3,16
51922,1317.3,0.0,0.07,0.074,0.054,0.987,3,16
51974,1368.2,0.0,0.07,0.074,0.054,0.987,3,16
52023,1346.4,0.0,0.01,0.079,0.050,0.995,3,16
52073,1400.8,0.0,0.01,0.072,0.062,0.977,3,16
52124,1402.2,0.0,0.01,0.072,0.062,0.977,3,16
52173,1374.0,0.0,0.08,0.064,0.060,0.971,3,16
52223,1416.6,0.0,0.08,0.065,0.057,0.977,3,16
52273,1394.1,0.0,0.08,0.065,0.057,0.977,3,16
52331,1430.6,0.0,0.08,0.072,0.058,0.984,3,16
52381,1455.1,0.0,0.01,0.076,0.053,0.993,3,16
52433,1433.4,0.0,0.08,0.079,0.057,0.987,3,16
52482,1461.0,0.0,0.06,0.076,0.058,0.993,3,16
52532,1417.6,0.0,0.03,0.074,0.064,0.989,3,16
52583,1441.0,0.0,0.03,0.074,0.064,0.989,3,16
52632,1483.9,0.0,0.01,0.072,0.062,0.989,3,16
52682,1460.9,0.0,0.06,0.072,0.057,0.989,3,16
52733,1489.8,0.0,0.14,0.071,0.052,0.982,3,16
52782,1463.8,0.0,0.10,0.071,0.057,0.971,3,16
52833,1447.6,0.0,0.07,0.070,0.062,0.976,3,16
52885,1482.6,0.0,0.07,0.070,0.062,0.976,3,16
52934,1458.2,0.0,0.07,0.068,0.060,0.976,3,16
52984,1469.5,0.0,0.10,0.065,0.056,0.968,3,16
53035,1472.2,0.0,0.07,0.069,0.058,0.981,3,16
53084,1448.0,0.0,0.04,0.066,0.056,0.973,3,16
53134,1471.7,0.0,0.03,0.069,0.057,0.982,3,16
53185,1444.2,0.0,0.03,0.069,0.057,0.982,3,16
53234,1475.7,0.0,0.04,0.064,0.058,0.968,3,16
53284,1477.2,0.0,0.06,0.064,0.058,0.965,3,16
53335,1450.7,0.0,0.03,0.067,0.056,0.971,3,16
53385,1486.1,0.0,0.01,0.074,0.056,0.989,3,16
53435,1461.7,0.0,0.05,0.073,0.055,0.986,3,16
53485,1454.2,0.0,0.05,0.073,0.055,0.986,3,16
53535,1488.6,0.0,0.04,0.071,0.056,0.983,3,16
53585,1464.4,0.0,0.06,0.076,0.063,0.991,3,16
53635,1460.0,0.0,0.09,0.068,0.057,0.976,3,16
53685,1422.5,0.0,0.11,0.075,0.060,0.992,3,16
53735,1448.4,0.0,0.04,0.069,0.062,0.993,3,16
53785,1465.0,0.0,0.04,0.069,0.062,0.993,3,16
53837,1437.2,0.0,0.04,0.078,0.063,0.987,3,16
53887,1473.2,0.0,0.04,0.078,0.064,0.975,3,16
53937,1489.6,0.0,0.05,0.073,0.061,0.994,3,16
53987,1466.7,0.0,0.02,0.078,0.062,0.985,3,16
54037,1494.2,0.0,0.03,0.067,0.054,0.979,3,16
54087,1467.6,0.0,0.03,0.067,0.054,0.979,3,16
54137,1364.3,0.0,0.09,0.071,0.062,0.992,3,16
54187,1650.8,0.0,0.11,0.069,0.058,0.983,3,16
54237,1495.5,0.0,0.05,0.081,0.062,0.994,3,16
54287,1518.1,0.0,0.05,0.081,0.062,0.994,3,16
54339,1508.9,0.0,0.09,0.066,0.060,0.992,3,16
54389,1480.6,0.0,0.09,0.066,0.060,0.992,3,16
54439,1379.9,0.0,0.04,0.072,0.059,0.980,3,16
54489,1466.2,0.0,0.03,0.068,0.059,0.984,3,16
54539,1490.5,0.0,0.03,0.073,0.058,0.984,3,16
54589,1514.3,0.0,0.05,0.063,0.060,0.991,3,16
54639,1495.9,0.0,0.06,0.065,0.061,0.995,3,16
54689,1510.7,0.0,0.06,0.065,0.061,0.995,3,16
54739,1508.4,0.0,0.08,0.072,0.058,0.980,3,16
54789,1488.9,0.0,0.07,0.073,0.057,0.984,3,16
54840,1510.4,0.0,0.02,0.065,0.057,0.986,3,16
54890,1490.8,0.0,0.02,0.069,0.055,0.983,3,16
54940,1500.1,0.0,0.05,0.077,0.060,0.983,3,16
54990,1512.8,0.0,0.05,0.077,0.060,0.983,3,16
55040,1487.4,0.0,0.06,0.071,0.058,0.988,3,16
55090,1519.2,0.0,0.03,0.075,0.061,0.983,3,16
55140,1507.5,0.0,0.06,0.084,0.059,0.998,3,16
55190,1476.7,0.0,0.09,0.077,0.057,0.988,3,16
55240,1503.4,0.0,0.02,0.078,0.063,0.980,3,16
55290,1484.8,0.0,0.02,0.078,0.063,0.980,3,16
55341,1494.6,0.0,0.19,0.068,0.059,0.983,3,16
55391,1388.4,0.0,0.05,0.065,0.060,0.993,3,16
55441,1472.9,0.0,0.04,0.068,0.055,0.986,3,16
55491,1637.3,0.0,0.11,0.067,0.060,0.995,3,16
55541,1503.5,0.0,0.02,0.070,0.057,0.980,3,16
55591,1484.4,0.0,0.02,0.070,0.057,0.980,3,16
55641,1500.8,0.0,0.02,0.066,0.059,0.989,3,16
55691,1365.2,0.0,0.04,0.066,0.060,0.992,3,16
55741,1486.0,0.0,0.05,0.069,0.055,0.987,3,16
55791,1501.9,0.0,0.06,0.073,0.058,0.977,3,16
55842,1480.2,0.0,0.04,0.070,0.058,0.983,3,16
55892,1499.0,0.0,0.07,0.065,0.059,0.987,3,16
55942,1502.4,0.0,0.07,0.065,0.059,0.987,3,16
55992,1482.8,0.0,0.04,0.068,0.056,0.984,3,16
56042,1517.2,0.0,0.03,0.066,0.060,0.992,3,16
56092,1505.6,0.0,0.08,0.068,0.056,0.987,3,16
56142,1493.3,0.0,0.05,0.077,0.062,0.984,3,16
56192,1512.8,0.0,0.09,0.069,0.057,0.981,3,16
56242,1493.9,0.0,0.09,0.069,0.057,0.981,3,16
56292,1513.4,0.0,0.07,0.068,0.056,0.987,3,16
56343,1506.0,0.0,0.08,0.068,0.061,0.995,3,16
56393,1480.9,0.0,0.05,0.071,0.058,0.989,3,16
56443,1520.6,0.0,0.09,0.070,0.056,0.980,3,16
56493,1509.5,0.0,0.06,0.067,0.055,0.985,3,16
56543,1512.6,0.0,0.06,0.067,0.055,0.985,3,16
56593,1519.5,0.0,0.02,0.074,0.058,0.976,3,16
56643,1492.2,0.0,0.05,0.074,0.056,0.989,3,16
56693,1515.5,0.0,0.06,0.068,0.059,0.982,3,16
56743,1378.2,0.0,0.03,0.064,0.059,0.988,3,16
56793,1454.9,0.0,0.04,0.074,0.056,0.981,3,16
56848,1630.5,0.0,0.04,0.074,0.056,0.981,3,16
56898,1644.3,0.0,0.04,0.069,0.058,0.983,3,16
56948,1481.7,0.0,0.06,0.075,0.059,0.991,3,16
56999,1503.0,0.0,0.07,0.066,0.059,0.992,3,16
57049,1482.3,0.0,0.02,0.066,0.060,0.994,3,16
57099,1475.7,0.0,0.07,0.069,0.055,0.986,3,16
57149,1503.3,0.0,0.07,0.069,0.055,0.986,3,16
57199,1485.6,0.0,0.04,0.071,0.058,0.985,3,15
57249,1514.7,0.0,0.02,0.069,0.059,0.983,3,15
57299,1500.6,0.0,0.02,0.075,0.060,0.987,3,15
57354,1462.8,0.0,0.06,0.074,0.059,0.984,3,16
57404,1480.9,0.0,0.04,0.071,0.055,0.988,3,16
57455,1452.9,0.0,0.08,0.072,0.057,0.981,3,16
57504,1490.8,0.0,0.11,0.069,0.057,0.987,3,16
57554,1645.2,0.0,0.04,0.070,0.059,0.982,3,16
57605,1491.4,0.0,0.04,0.070,0.059,0.982,3,16
57654,1509.2,0.0,0.08,0.069,0.056,0.984,3,16
57704,1487.2,0.0,0.06,0.064,0.058,0.968,3,16
57754,1465.0,0.0,0.09,0.072,0.058,0.978,3,16
57804,1493.2,0.0,0.09,0.072,0.058,0.978,3,16
57855,1467.1,0.0,0.08,0.066,0.056,0.964,3,16
57905,1477.1,0.0,0.08,0.066,0.056,0.964,3,16
57955,1483.5,0.0,0.13,0.070,0.056,0.967,3,16
58005,1458.4,0.0,0.14,0.070,0.056,0.967,3,16
58055,1478.5,0.0,0.10,0.060,0.058,0.961,3,16
58105,1450.4,0.0,0.07,0.064,0.057,0.972,3,16
58155,1457.3,0.0,0.04,0.066,0.057,0.973,3,16
58205,1482.6,0.0,0.04,0.066,0.057,0.973,3,16
58255,1456.6,0.0,0.03,0.066,0.058,0.968,3,16
58305,1476.6,0.0,0.06,0.066,0.058,0.970,3,16
58357,1448.2,0.0,0.06,0.067,0.057,0.969,3,16
58407,1450.7,0.0,0.06,0.067,0.057,0.969,3,16
58457,1482.9,0.0,0.07,0.077,0.058,0.993,3,16
58509,1458.2,0.0,0.07,0.077,0.058,0.993,3,16
58558,1470.6,0.0,0.02,0.074,0.057,0.991,3,16
58608,1476.5,0.0,0.02,0.072,0.055,0.989,3,16
58659,1453.1,0.0,0.08,0.077,0.060,0.984,3,16
58708,1493.7,0.0,0.03,0.071,0.054,0.985,3,16
58758,1470.7,0.0,0.09,0.077,0.058,0.993,3,16
58808,1496.6,0.0,0.09,0.077,0.058,0.993,3,16
58862,1643.9,0.0,0.02,0.078,0.059,0.996,3,16
58912,1488.5,0.0,0.01,0.080,0.060,0.995,3,16
58962,1506.6,0.0,0.11,0.075,0.059,0.984,3,16
59012,1508.1,0.0,0.11,0.075,0.059,0.984,3,16
59062,1489.8,0.0,0.07,0.080,0.059,0.980,3,16
59113,1507.3,0.0,0.07,0.080,0.059,0.980,3,16
59162,1484.5,0.0,0.06,0.078,0.063,0.987,3,16
59212,1470.3,0.0,0.06,0.073,0.061,0.981,3,16
59263,1483.5,0.0,0.06,0.083,0.059,0.992,3,16
59312,1453.7,0.0,0.10,0.076,0.059,0.982,3,16
59363,1491.7,0.0,0.06,0.081,0.058,0.983,3,16
59413,1636.9,0.0,0.04,0.074,0.059,0.988,3,16
59463,1480.5,0.0,0.04,0.074,0.059,0.988,3,16
59513,1498.5,0.0,0.06,0.061,0.064,0.983,3,16
59563,1363.6,0.0,0.03,0.073,0.058,0.992,3,16
59613,1500.0,0.0,0.03,0.073,0.058,0.992,3,16
59663,1496.9,0.0,0.01,0.075,0.059,0.993,3,16
59713,1470.2,0.0,0.06,0.078,0.063,0.998,3,16
59763,1492.3,0.0,0.06,0.078,0.063,0.998,3,16
59813,1465.1,0.0,0.09,0.068,0.059,0.987,3,16
59864,1448.3,0.0,0.06,0.076,0.056,0.985,3,16
59914,1477.2,0.0,0.09,0.066,0.058,0.991,3,16
59964,1451.2,0.0,0.05,0.071,0.061,0.992,3,16
60014,1480.1,0.0,0.09,0.069,0.060,0.997,3,16
60064,1485.3,0.0,0.09,0.069,0.060,0.997,3,16
60114,1460.5,0.0,0.07,0.062,0.056,0.985,3,16
60164,1490.2,0.0,0.05,0.066,0.058,0.996,3,16
60214,1464.9,0.0,0.03,0.065,0.055,0.984,3,16
60264,1483.6,0.0,0.10,0.073,0.055,0.983,3,16
60314,1501.9,0.0,0.09,0.081,0.062,0.986,3,16
60365,1480.8,0.0,0.09,0.081,0.062,0.986,3,16
60415,1507.5,0.0,0.17,0.062,0.062,0.983,3,16
60465,1516.8,0.0,0.15,0.057,0.057,0.968,3,16
60515,1501.1,0.0,0.09,0.042,0.052,0.963,3,16
60565,1511.4,0.0,0.04,0.067,0.049,0.976,3,16
60615,1484.4,0.0,0.18,0.086,0.067,0.980,3,16
60665,1506.3,0.0,0.18,0.086,0.067,0.980,3,16
60715,1520.9,0.0,0.09,0.074,0.067,0.961,3,16
60765,1498.4,0.0,0.13,0.079,0.056,0.978,3,16
60815,1521.0,0.0,0.13,0.079,0.056,0.978,3,16
60866,1389.8,0.0,0.04,0.065,0.048,0.963,3,16
60916,1471.6,0.0,0.04,0.065,0.048,0.963,3,16
60966,1655.6,0.0,0.03,0.071,0.056,0.970,3,16
61016,1502.6,0.0,0.08,0.067,0.065,0.976,3,16
61066,1495.6,0.0,0.04,0.064,0.062,0.976,3,16
61116,1512.6,0.0,0.00,0.064,0.057,0.988,3,16
61166,1491.8,0.0,0.06,0.073,0.054,0.972,3,16
61216,1508.6,0.0,0.06,0.073,0.054,0.972,3,16
61266,1505.9,0.0,0.07,0.063,0.059,0.964,3,16
61316,1487.1,0.0,0.06,0.066,0.057,0.976,3,16
61367,1504.8,0.0,0.03,0.070,0.054,0.981,3,16
61417,1484.1,0.0,0.03,0.070,0.054,0.981,3,16
61467,1491.5,0.0,0.05,0.073,0.057,0.983,3,16
61517,1509.8,0.0,0.05,0.073,0.057,0.983,3,16
61567,1489.4,0.0,0.08,0.071,0.057,0.969,3,16
61617,1508.8,0.0,0.02,0.070,0.056,0.978,3,16
61667,1515.3,0.0,0.10,0.072,0.058,0.966,3,16
61717,1498.9,0.0,0.10,0.069,0.055,0.983,3,16
61767,1516.7,0.0,0.08,0.067,0.054,0.987,3,16
61817,1495.3,0.0,0.08,0.067,0.054,0.987,3,16
61868,1480.8,0.0,0.09,0.064,0.057,0.976,3,16
61918,1509.5,0.0,0.06,0.066,0.057,0.983,3,16
61968,1494.7,0.0,0.02,0.071,0.059,0.973,3,16
62018,1500.9,0.0,0.02,0.071,0.059,0.973,3,16
62068,1642.1,0.0,0.00,0.074,0.055,0.981,3,16
62118,1487.2,0.0,0.00,0.074,0.055,0.981,3,16
62168,1374.8,0.0,0.03,0.071,0.058,0.984,3,16
62218,1451.8,0.0,0.08,0.075,0.059,0.969,3,16
62268,1480.5,0.0,0.10,0.073,0.058,0.973,3,16
62318,1381.1,0.0,0.10,0.073,0.058,0.973,3,16
62379,1469.5,0.0,0.07,0.069,0.057,0.978,3,16
62429,1491.5,0.0,0.05,0.063,0.057,0.966,3,16
62479,1513.8,0.0,0.05,0.066,0.058,0.981,3,16
62529,1497.6,0.0,0.08,0.071,0.057,0.970,3,16
62579,1517.1,0.0,0.06,0.063,0.058,0.963,3,16
62629,1522.1,0.0,0.06,0.063,0.058,0.963,3,16
62679,1391.9,0.0,0.02,0.065,0.060,0.967,3,16
62729,1451.1,0.0,0.04,0.057,0.058,0.976,3,16
62779,1429.0,0.0,0.10,0.064,0.057,0.947,3,16
62829,1936.1,0.0,0.12,0.057,0.060,0.954,3,16
62880,2235.7,530.6,0.05,0.101,0.033,0.912,3,16
62931,2431.8,287.6,0.05,0.101,0.033,0.912,3,16
62980,2579.5,206.7,0.04,0.248,0.061,1.027,3,16
63030,2779.2,295.9,0.23,0.415,0.066,0.939,3,16
63080,2881.0,240.2,0.41,0.388,0.059,0.991,3,16
63130,2909.7,402.9,0.41,0.388,0.059,0.991,3,16
63180,2903.5,607.0,1.22,0.486,0.086,1.061,3,16
63231,2931.0,636.3,1.22,0.486,0.086,1.061,3,16
63280,2987.0,592.6,1.60,0.606,0.010,1.112,3,16
63330,3008.3,575.7,2.40,0.601,-0.086,0.955,3,16
63381,2990.0,753.2,3.03,0.660,-0.103,0.848,3,16
63431,3026.0,838.4,3.62,0.542,-0.133,0.758,3,16
63481,3134.1,962.8,4.71,0.625,-0.168,0.965,3,16
63531,3184.5,1039.2,4.71,0.625,-0.168,0.965,3,16
63581,3181.7,969.8,5.45,0.735,0.020,1.048,3,16
63631,3267.4,1017.9,5.48,0.590,0.044,0.802,3,16
63681,3272.4,1048.1,6.00,0.531,0.038,0.709,3,16
63731,3321.3,1124.7,6.94,0.464,0.076,0.795,3,16
63781,3422.1,1288.2,6.91,0.501,0.089,1.203,3,16
63831,3378.2,1235.3,6.91,0.501,0.089,1.203,3,16
63882,3378.4,1264.2,7.35,0.482,0.074,1.099,3,16
63932,3355.3,1363.0,7.65,0.450,0.058,0.914,3,16
63984,3447.1,1552.1,8.30,0.386,-0.024,0.830,3,16
64033,3446.9,1625.5,8.52,0.268,0.039,0.846,3,16
64083,3372.1,1722.4,8.92,0.407,-0.038,1.046,3,16
64134,3359.5,1623.6,8.92,0.407,-0.038,1.046,3,16
64183,3258.0,1541.1,8.82,0.461,0.050,0.945,3,16
64233,3266.4,1494.8,9.18,0.487,0.004,0.983,3,16
64284,3201.7,1521.8,9.52,0.545,-0.001,1.006,3,16
64333,3101.4,1451.4,10.03,0.547,0.032,1.047,3,16
64384,3101.4,1489.9,10.66,0.515,-0.033,0.968,3,16
64436,3042.1,1468.6,10.66,0.515,-0.033,0.968,3,16
64485,2877.8,1386.2,10.62,0.417,-0.055,0.760,3,16
64535,2674.0,1348.3,10.69,0.316,-0.005,0.851,3,16
64586,2587.4,1341.2,11.01,0.318,-0.019,0.846,3,16
64635,2519.0,1388.1,11.22,0.306,0.058,1.018,3,16
64685,2478.0,1365.9,11.52,0.127,-0.011,1.104,3,16
64736,2418.8,1348.1,11.52,0.127,-0.011,1.104,3,16
64785,2374.0,1356.1,10.69,0.111,-0.068,0.963,3,16
64835,2343.2,1410.6,10.68,0.059,-0.003,1.006,3,16
64887,2476.3,1526.0,11.15,0.104,0.024,1.120,3,16
64937,2550.8,1524.6,11.15,0.104,0.024,1.120,3,16
64987,2701.4,1477.8,10.93,0.085,0.019,1.103,3,16
65037,2704.8,1555.9,10.93,0.085,0.019,1.103,3,16
65088,2725.0,1475.6,10.86,0.130,0.010,1.008,3,16
65138,2736.5,1430.6,10.92,0.149,0.048,0.651,3,16
65188,2743.4,1409.4,11.12,0.170,0.062,0.683,3,16
65238,2772.6,1465.2,11.43,0.188,0.120,0.796,3,16
65288,2796.6,1543.9,11.90,0.152,0.120,0.843,3,16
65338,2822.7,1497.0,11.90,0.152,0.120,0.843,3,16
65390,2850.1,1562.5,12.12,0.224,0.059,0.888,3,16
65439,2862.2,1578.8,12.44,0.249,0.000,0.951,3,16
65489,2806.2,1498.8,12.13,0.216,-0.031,0.889,3,16
65540,2855.2,1520.7,11.96,-0.291,-0.040,0.938,3,16
65589,2855.2,1567.4,12.10,-0.877,-0.239,1.083,3,16
65639,2855.2,1549.7,10.48,-0.635,-0.344,1.210,3,16
65690,2855.2,1421.9,10.48,-0.635,-0.344,1.210,3,16
65739,2855.2,1278.6,9.04,-0.070,-0.085,0.269,3,16
65789,2855.2,1275.5,7.84,-0.403,0.026,-0.086,3,16
65840,2855.2,1032.4,7.90,-0.163,0.093,0.441,3,16
65890,2855.2,673.3,7.28,-0.225,0.121,-0.029,3,16
65940,2855.2,155.0,8.81,-1.339,0.056,0.015,3,16
65990,2855.2,155.0,8.81,-1.339,0.056,0.015,3,16
66040,2855.2,155.0,9.96,-1.380,-0.135,0.194,3,16
66090,2855.2,155.0,10.80,-0.888,-0.125,0.212,3,16
66140,2855.2,51.6,10.80,-0.888,-0.125,0.212,3,16
66190,2855.2,201.3,10.57,-0.734,-0.319,1.660,3,16
66240,2855.2,200.0,9.26,-0.377,-0.208,2.703,3,16
66290,2855.2,193.0,9.26,-0.377,-0.208,2.703,3,16
66340,2855.2,224.6,8.15,-0.147,0.181,1.685,3,16
66391,2855.2,237.9,7.45,-0.222,0.073,0.932,3,16
66441,2855.2,268.5,7.45,-0.222,0.073,0.932,3,16
66491,2855.2,235.8,6.69,-0.243,-0.060,0.534,3,16
66541,2855.2,238.0,6.58,-0.130,0.006,0.516,3,16
66591,2855.2,842.7,6.58,-0.130,0.006,0.516,3,16
66641,2855.2,767.9,6.35,-0.394,0.092,0.711,3,16
66691,2855.2,665.6,6.44,-0.595,0.011,0.640,3,16
66741,2855.2,530.3,6.20,-0.596,-0.067,1.081,3,16
66791,2855.2,635.7,5.82,-0.454,-0.096,1.495,3,16
66841,2855.2,681.7,4.95,0.034,-0.190,1.811,3,16
66892,2855.2,618.3,4.95,0.034,-0.190,1.811,3,16
66942,2855.2,637.1,4.95,0.034,-0.190,1.811,3,16
66992,2855.2,641.4,4.79,0.057,-0.194,1.439,3,16
67042,0.0,618.0,4.83,0.063,-0.193,1.171,3,16
67092,0.0,648.3,4.29,-0.007,-0.041,0.750,3,16
67142,0.0,572.0,4.66,-0.012,-0.041,0.893,3,16
67192,0.0,590.8,4.66,-0.012,-0.041,0.893,3,16
67242,0.0,616.5,4.89,-0.056,-0.060,0.891,3,16
67292,0.0,559.7,4.98,-0.040,-0.048,0.948,3,16
67342,0.0,609.1,5.33,-0.039,-0.028,0.980,3,16
67393,0.0,550.4,4.83,0.014,-0.040,0.972,3,16
67443,0.0,563.1,4.80,-0.014,-0.086,0.914,3,16
67493,0.0,575.6,4.80,-0.014,-0.086,0.914,3,16
67543,0.0,578.7,4.77,-0.007,-0.113,0.872,3,16
67593,0.0,554.4,4.92,0.002,-0.011,0.989,3,16
67643,0.0,523.7,4.86,0.014,-0.022,1.057,3,16
67693,0.0,624.4,3.84,-0.021,-0.096,1.098,3,16
67743,0.0,581.7,4.22,-0.057,-0.116,1.018,3,16
67793,0.0,508.5,4.22,-0.057,-0.116,1.018,3,16
67843,0.0,473.6,4.22,-0.057,-0.116,1.018,3,16
67894,0.0,509.2,4.07,-0.101,-0.035,0.972,3,16
67944,0.0,446.9,4.10,-0.092,-0.034,1.032,3,16
67994,0.0,431.5,4.23,-0.074,-0.025,0.994,3,16
68044,0.0,471.3,4.05,-0.087,-0.092,1.009,3,16
68094,0.0,431.1,4.05,-0.087,-0.092,1.009,3,16
68144,0.0,510.4,4.04,-0.087,-0.100,0.902,3,16
68194,0.0,469.9,4.03,-0.059,-0.045,0.896,3,15
68244,0.0,508.6,4.03,-0.059,-0.045,0.896,3,15
68294,0.0,477.8,3.55,-0.028,0.014,0.949,3,16
68344,0.0,407.2,3.79,-0.035,0.057,0.997,3,16
68404,0.0,451.3,3.79,-0.035,0.057,0.997,3,16
68455,0.0,393.5,3.73,-0.048,0.066,0.994,3,15
68505,0.0,345.8,3.78,-0.055,0.023,0.991,3,15
68555,0.0,484.8,3.78,-0.055,0.023,0.991,3,15
68605,0.0,504.2,4.01,-0.048,0.036,1.011,3,15
68655,0.0,435.3,4.40,-0.071,0.147,1.029,3,15
68706,0.0,434.9,4.40,-0.071,0.147,1.029,3,15
68755,0.0,407.5,3.60,-0.135,0.079,0.995,3,15
68805,0.0,395.6,3.69,-0.181,0.047,1.055,3,15
68856,0.0,368.4,3.69,-0.181,0.047,1.055,3,15
68914,0.0,407.1,3.54,-0.119,0.054,0.996,3,15
68964,0.0,415.8,3.29,-0.033,0.174,0.850,3,15
69014,0.0,449.6,3.29,-0.033,0.174,0.850,3,15
69064,0.0,444.5,3.74,-0.026,0.262,0.955,3,16
69114,0.0,433.5,3.52,-0.028,0.194,0.987,3,16
69165,0.0,442.4,2.97,-0.033,0.151,0.952,3,16
69214,0.0,419.6,3.02,-0.039,0.111,0.925,3,16
69264,0.0,425.1,3.39,-0.049,0.123,0.949,3,16
69314,0.0,403.7,3.39,-0.049,0.123,0.949,3,16
69364,0.0,457.0,3.40,-0.040,0.131,0.987,3,16
69415,0.0,485.0,3.38,0.000,0.100,1.050,3,16
69465,0.0,416.7,3.47,-0.001,0.133,0.996,3,16
69515,0.0,440.9,3.36,-0.033,0.150,0.934,3,16
69565,0.0,473.9,3.33,-0.094,0.155,0.932,3,16
69615,0.0,452.1,3.33,-0.094,0.155,0.932,3,16
69665,0.0,476.2,3.54,-0.043,0.099,1.013,3,16
69715,0.0,452.0,3.73,-0.022,0.119,0.949,3,16
69765,0.0,464.2,3.48,-0.031,0.119,0.861,3,16
69815,0.0,466.0,3.48,-0.031,0.119,0.861,3,16
69865,0.0,473.4,3.78,0.016,0.106,0.931,3,16
69916,0.0,476.4,3.78,0.016,0.106,0.931,3,16
69966,0.0,519.7,4.13,-0.005,0.119,0.952,3,16
70016,0.0,505.5,3.75,-0.060,0.109,0.978,3,16
70066,0.0,515.8,3.87,-0.023,0.040,1.146,3,16
70116,0.0,476.9,3.87,-0.023,0.040,1.146,3,16
70166,0.0,483.9,3.95,-0.057,0.036,0.981,3,16
70216,0.0,497.8,3.95,-0.057,0.036,0.981,3,16
70266,0.0,517.7,4.14,-0.086,0.143,0.912,3,16
70316,0.0,541.6,4.09,-0.073,0.154,1.088,3,16
70366,0.0,514.1,3.78,-0.106,0.138,1.134,3,16
70417,0.0,476.6,3.78,-0.106,0.138,1.134,3,16
70467,0.0,507.9,3.60,-0.133,0.133,1.149,3,16
70517,0.0,527.5,3.60,-0.133,0.133,1.149,3,16
70567,0.0,507.6,3.99,-0.107,0.024,1.069,3,16
70617,0.0,532.9,3.99,-0.060,0.150,0.936,3,16
70667,0.0,526.9,3.92,-0.044,0.161,0.898,3,16
70717,0.0,490.6,3.92,-0.044,0.161,0.898,3,16
70767,0.0,484.7,3.92,-0.044,0.161,0.898,3,16
70817,0.0,463.8,3.92,-0.044,0.161,0.898,3,16
70867,0.0,451.2,3.58,-0.031,0.106,0.936,3,16
70918,0.0,484.6,3.54,-0.037,0.121,0.933,3,16
70968,0.0,485.2,3.41,0.001,0.084,0.935,3,16
71018,0.0,452.4,3.41,0.001,0.084,0.935,3,16
71068,0.0,464.6,3.64,0.032,0.093,0.895,3,16
71118,0.0,476.2,3.64,0.032,0.093,0.895,3,16
71168,0.0,418.2,3.79,-0.020,0.097,1.095,3,16
71218,0.0,411.5,3.44,-0.010,-0.004,1.118,3,16
71268,0.0,354.2,3.20,-0.144,0.071,0.813,3,16
71318,0.0,314.0,3.20,-0.144,0.071,0.813,3,16
71368,0.0,352.7,2.95,-0.152,0.095,0.862,3,16
71419,0.0,287.4,2.95,-0.152,0.095,0.862,3,16
71469,0.0,275.8,3.37,-0.101,0.033,1.008,3,16
71519,0.0,284.7,3.06,-0.171,0.014,1.043,3,16
71569,0.0,254.9,2.90,-0.216,-0.014,1.083,3,16
71619,0.0,251.9,2.90,-0.216,-0.014,1.083,3,16
71669,0.0,234.3,2.99,-0.254,-0.056,1.129,3,16
71719,0.0,193.2,2.99,-0.254,-0.056,1.129,3,16
71769,0.0,159.2,2.05,-0.238,-0.020,1.030,3,16
71819,0.0,159.2,1.29,-0.265,0.031,0.939,3,16
71869,0.0,117.0,1.49,-0.263,0.029,0.954,3,16
71924,0.0,117.0,1.49,-0.263,0.029,0.954,3,16
71974,0.0,76.7,1.09,-0.238,-0.011,0.981,3,16
72024,0.0,76.7,0.86,-0.223,-0.003,0.993,3,16
72075,0.0,76.7,0.86,-0.223,-0.003,0.993,3,16
72124,0.0,76.7,0.67,-0.221,0.009,0.989,3,16
72174,0.0,76.7,0.33,-0.219,0.004,0.985,3,16
72226,0.0,76.7,0.33,-0.219,0.004,0.985,3,16
72275,0.0,76.7,0.08,-0.150,0.000,1.006,3,16
72325,0.0,76.7,0.14,-0.062,0.016,0.996,3,16
72376,0.0,76.7,0.14,-0.062,0.016,0.996,3,16
72430,0.0,76.7,0.17,-0.025,-0.001,0.967,3,16
72480,0.0,76.7,0.12,-0.009,0.002,0.975,3,16
72530,0.0,76.7,0.12,-0.009,0.002,0.975,3,16
72580,0.0,76.7,0.15,-0.029,0.006,0.983,3,16
72630,0.0,76.7,0.05,-0.061,0.009,0.986,3,16
72680,0.0,76.7,0.05,-0.061,0.009,0.986,3,16
72730,0.0,76.7,0.06,-0.067,0.007,0.986,3,16
72780,0.0,76.7,0.05,-0.058,0.006,0.987,3,16
72830,0.0,76.7,0.05,-0.058,0.006,0.987,3,16
72880,0.0,76.7,0.09,-0.043,0.010,0.983,3,16
72931,0.0,76.7,0.06,-0.042,0.007,0.984,3,16
72981,0.0,0.0,0.08,-0.047,0.006,0.984,3,16
73031,0.0,0.0,0.03,-0.051,0.008,0.985,3,16
73081,0.0,0.0,0.08,-0.052,0.007,0.985,3,16
73132,0.0,0.0,0.08,-0.052,0.007,0.985,3,16
73181,0.0,0.0,0.02,-0.037,0.004,0.987,3,16
73231,0.0,0.0,0.02,-0.034,0.009,0.984,3,16
73282,0.0,0.0,0.08,-0.036,0.014,0.981,3,15
73331,0.0,0.0,0.02,-0.038,0.014,0.983,3,16
73381,0.0,0.0,0.02,-0.038,0.011,0.986,3,16
73432,0.0,0.0,0.02,-0.038,0.011,0.986,3,16
73482,0.0,0.0,0.08,-0.042,0.004,0.985,3,16
73532,0.0,0.0,0.05,-0.045,0.007,0.984,3,16
73582,0.0,0.0,0.07,-0.045,0.008,0.985,3,16
73632,0.0,0.0,0.07,-0.046,0.009,0.986,3,16
73682,0.0,0.0,0.11,-0.048,0.008,0.985,3,16
73732,0.0,0.0,0.11,-0.048,0.008,0.985,3,16
73782,0.0,5.6,0.21,-0.052,0.008,0.984,3,16
73832,0.0,5.6,0.07,-0.048,0.008,0.983,3,15
73882,0.0,5.6,0.06,-0.046,0.008,0.983,3,15
73939,0.0,5.6,0.04,-0.043,0.008,0.985,3,15
73989,0.0,5.6,0.10,-0.043,0.008,0.985,3,15
74039,0.0,5.6,0.10,-0.043,0.008,0.985,3,15
74089,0.0,5.6,0.17,-0.042,0.006,0.986,3,15
74139,0.0,5.6,0.11,-0.042,0.007,0.984,3,15
74189,0.0,5.6,0.11,-0.041,0.007,0.984,3,15
74239,0.0,5.6,0.13,-0.041,0.009,0.983,3,15
74289,0.0,5.6,0.12,-0.038,0.006,0.984,3,15
74339,0.0,17.6,0.12,-0.038,0.006,0.984,3,15
74389,0.0,17.6,0.20,-0.037,0.002,0.985,3,15
74440,0.0,17.6,0.17,-0.041,0.003,0.983,3,15
74490,0.0,17.6,0.23,-0.041,0.003,0.982,3,15
74541,0.0,17.6,0.20,-0.042,0.005,0.983,3,15
74590,0.0,17.6,0.21,-0.040,0.007,0.985,3,15
74640,0.0,17.6,0.21,-0.040,0.007,0.985,3,15
74691,0.0,31.8,0.28,-0.038,0.009,0.984,3,15
74740,0.0,31.8,0.36,-0.036,0.005,0.983,3,15
74790,0.0,31.8,0.31,-0.039,0.003,0.985,3,15
74841,0.0,31.8,0.32,-0.041,0.002,0.985,3,16
74890,0.0,31.8,0.41,-0.049,0.005,0.985,3,16
74941,0.0,39.9,0.26,-0.062,0.005,0.985,3,16
74991,0.0,39.9,0.26,-0.062,0.005,0.985,3,16
75041,0.0,39.9,0.32,-0.074,0.005,0.988,3,16
75091,0.0,39.9,0.34,-0.075,0.008,0.989,3,16
75141,0.0,39.9,0.34,-0.075,0.008,0.989,3,16
75191,0.0,39.9,0.23,-0.072,0.007,0.983,3,16
75241,0.0,39.9,0.23,-0.072,0.007,0.983,3,16
75291,0.0,39.9,0.17,-0.068,0.001,0.981,3,16
75341,0.0,39.9,0.13,-0.066,0.001,0.986,3,16
75391,0.0,20.7,0.12,-0.066,0.002,0.985,3,16
75442,0.0,20.7,0.13,-0.064,0.003,0.985,3,16
75492,0.0,20.7,0.14,-0.063,0.005,0.984,3,16
75542,0.0,20.7,0.11,-0.061,0.002,0.985,3,16
75592,0.0,20.7,0.11,-0.061,0.002,0.985,3,16
75642,0.0,20.7,0.03,-0.061,0.001,0.985,3,16
75692,0.0,20.7,0.05,-0.061,0.002,0.985,3,16
75742,0.0,20.7,0.04,-0.060,0.003,0.984,3,16
75792,0.0,20.7,0.03,-0.059,0.003,0.984,3,16
75842,0.0,20.7,0.05,-0.057,0.003,0.984,3,16
75892,0.0,20.7,0.05,-0.057,0.003,0.984,3,16
75943,0.0,20.7,0.01,-0.055,0.002,0.984,3,16
75993,0.0,20.7,0.02,-0.055,0.003,0.984,3,16
76043,0.0,20.7,0.05,-0.053,0.003,0.985,3,16
76093,0.0,20.7,0.05,-0.050,0.003,0.984,3,16
76143,0.0,20.7,0.06,-0.049,0.002,0.984,3,16
76193,0.0,20.7,0.06,-0.049,0.002,0.984,3,16
76243,0.0,20.7,0.03,-0.050,0.003,0.984,3,16
76293,0.0,20.7,0.04,-0.050,0.003,0.984,3,16
76343,0.0,20.7,0.04,-0.050,0.004,0.985,3,16
76393,0.0,0.0,0.10,-0.050,0.004,0.985,3,16
76444,0.0,0.0,0.06,-0.050,0.003,0.984,3,16
76494,0.0,0.0,0.06,-0.050,0.003,0.984,3,16
76544,0.0,0.0,0.06,-0.049,0.003,0.984,3,16
76594,0.0,0.0,0.13,-0.049,0.002,0.984,3,16
76644,0.0,0.0,0.06,-0.049,0.003,0.984,3,16
76694,0.0,0.0,0.07,-0.050,0.003,0.985,3,16
76744,0.0,0.0,0.02,-0.051,0.003,0.984,3,16
76794,0.0,0.0,0.02,-0.051,0.003,0.984,3,16
76844,0.0,0.0,0.07,-0.051,0.003,0.984,3,16
76894,0.0,0.0,0.09,-0.051,0.003,0.985,3,16
76948,0.0,0.0,0.05,-0.050,0.003,0.984,3,16
76998,0.0,0.0,0.02,-0.050,0.003,0.984,3,16
77048,0.0,0.0,0.06,-0.049,0.003,0.985,3,16
77101,0.0,0.0,0.06,-0.049,0.003,0.985,3,16
77151,0.0,0.0,0.09,-0.049,0.003,0.985,3,16
77201,0.0,0.0,0.02,-0.050,0.001,0.984,3,16
77251,0.0,0.0,0.11,-0.051,0.000,0.984,3,16
77301,0.0,0.0,0.10,-0.052,0.004,0.985,3,16
77351,0.0,0.0,0.19,-0.051,0.017,0.983,3,16
77401,0.0,0.0,0.19,-0.051,0.017,0.983,3,16
77456,0.0,0.0,0.17,-0.048,-0.003,0.986,3,16
77506,0.0,0.0,0.12,-0.044,-0.013,0.984,3,16
77556,0.0,0.0,0.12,-0.044,-0.013,0.984,3,16
77606,0.0,0.0,0.10,-0.045,0.000,0.981,3,16
77656,0.0,0.0,0.06,-0.049,0.017,0.987,3,16
77707,0.0,0.0,0.04,-0.051,0.009,0.986,3,16
77756,0.0,0.0,0.10,-0.051,0.000,0.984,3,16
77806,0.0,0.0,0.03,-0.050,-0.002,0.983,3,16
77857,0.0,0.0,0.03,-0.050,-0.002,0.983,3,16
77906,0.0,0.0,0.03,-0.051,0.004,0.983,3,16
77957,0.0,0.0,0.03,-0.052,0.003,0.986,3,16
78007,0.0,0.0,0.05,-0.051,0.002,0.985,3,16
78057,0.0,0.0,0.09,-0.051,0.002,0.984,3,16
78107,0.0,0.0,0.08,-0.050,0.002,0.983,3,16
78158,0.0,0.0,0.08,-0.050,0.002,0.983,3,16
78207,0.0,0.0,0.05,-0.050,0.002,0.985,3,16
78257,0.0,0.0,0.05,-0.050,0.003,0.984,3,16
78307,0.0,0.0,0.00,-0.050,0.004,0.984,3,16
78357,0.0,0.0,0.02,-0.050,0.003,0.984,3,16
78407,0.0,0.0,0.04,-0.050,0.001,0.985,3,16
78458,0.0,0.0,0.04,-0.050,0.001,0.985,3,16
78508,0.0,0.0,0.03,-0.050,0.004,0.985,3,16
78558,0.0,0.0,0.02,-0.049,0.003,0.985,3,16
78610,0.0,0.0,0.08,-0.049,0.000,0.985,3,16
78660,0.0,0.0,0.18,-0.048,-0.001,0.985,3,16
78710,0.0,0.0,0.20,-0.049,0.001,0.983,3,16
78760,0.0,0.0,0.20,-0.049,0.001,0.983,3,16
78810,0.0,0.0,0.06,-0.050,0.005,0.985,3,16
78860,0.0,0.0,0.02,-0.051,0.005,0.985,3,16
78910,0.0,0.0,0.05,-0.050,0.002,0.985,3,16
78964,0.0,0.0,0.07,-0.050,0.000,0.984,3,16
79014,0.0,0.0,0.05,-0.052,0.002,0.984,3,16
79064,0.0,0.0,0.05,-0.052,0.002,0.984,3,16
79114,0.0,0.0,0.05,-0.049,0.002,0.985,3,16
79164,0.0,0.0,0.07,-0.049,0.000,0.985,3,16
79214,0.0,0.0,0.08,-0.051,0.003,0.984,3,16
79264,0.0,0.0,0.08,-0.051,0.003,0.984,3,16
79314,0.0,0.0,0.04,-0.052,0.002,0.985,3,16
79364,0.0,0.0,0.04,-0.052,0.002,0.985,3,16
79414,0.0,0.0,0.06,-0.052,0.001,0.984,3,16
79465,0.0,0.0,0.05,-0.052,0.001,0.984,3,16
79515,0.0,0.0,0.03,-0.051,0.001,0.984,3,16
79565,0.0,0.0,0.03,-0.051,0.001,0.984,3,16
79615,0.0,0.0,0.02,-0.051,0.002,0.985,3,16
79665,0.0,0.0,0.02,-0.051,0.002,0.985,3,16
79715,0.0,0.0,0.14,-0.050,0.002,0.984,3,16
79765,0.0,0.0,0.06,-0.050,0.001,0.985,3,16
79815,0.0,0.0,0.06,-0.051,0.000,0.984,3,16
79865,0.0,0.0,0.06,-0.051,0.000,0.984,3,16
79915,0.0,0.0,0.00,-0.051,0.001,0.984,3,16
79966,0.0,0.0,0.00,-0.051,0.001,0.984,3,16
80016,0.0,0.0,0.02,-0.050,0.001,0.985,3,16
80066,0.0,0.0,0.04,-0.051,0.001,0.985,3,16
80116,0.0,0.0,0.06,-0.050,0.001,0.985,3,16
80166,0.0,0.0,0.06,-0.050,0.001,0.985,3,16
80216,0.0,0.0,0.04,-0.049,0.001,0.984,3,16
80266,0.0,0.0,0.04,-0.050,0.000,0.984,3,16
80316,0.0,0.0,0.05,-0.049,0.000,0.984,3,16
80366,0.0,0.0,0.05,-0.050,0.001,0.984,3,16
80416,0.0,0.0,0.05,-0.051,0.000,0.984,3,16
80467,0.0,0.0,0.05,-0.051,0.000,0.984,3,16
80517,0.0,0.0,0.07,-0.050,0.000,0.984,3,16
80567,0.0,0.0,0.07,-0.050,0.000,0.984,3,16
80617,0.0,0.0,0.04,-0.050,0.000,0.984,3,16
80667,0.0,20.7,0.06,-0.049,0.000,0.984,3,16
80717,0.0,20.7,0.06,-0.049,0.001,0.985,3,16
80767,0.0,20.7,0.06,-0.049,0.001,0.985,3,16
80817,0.0,20.7,0.02,-0.050,0.000,0.985,3,16
80867,0.0,20.7,0.03,-0.050,0.000,0.985,3,16
80917,0.0,20.7,0.02,-0.050,0.000,0.984,3,16
80968,0.0,20.7,0.04,-0.050,0.000,0.984,3,16
81018,0.0,20.7,0.03,-0.050,0.000,0.985,3,16
81068,0.0,20.7,0.03,-0.050,0.000,0.985,3,16
81118,0.0,20.7,0.05,-0.051,0.000,0.984,3,16
81168,0.0,20.7,0.05,-0.051,0.000,0.984,3,16
81218,0.0,20.7,0.08,-0.051,0.000,0.984,3,16
81268,0.0,20.7,0.04,-0.050,0.000,0.985,3,16
81318,0.0,20.7,0.05,-0.051,0.000,0.984,3,16
81368,0.0,20.7,0.05,-0.051,0.000,0.984,3,16
81418,0.0,20.7,0.08,-0.051,0.000,0.984,3,16
81469,0.0,20.7,0.08,-0.051,0.000,0.984,3,16
81519,0.0,20.7,0.06,-0.051,0.000,0.984,3,16
81569,0.0,20.7,0.07,-0.052,0.000,0.984,3,16
81619,0.0,20.7,0.00,-0.051,0.000,0.984,3,16
81669,0.0,0.0,0.00,-0.051,0.000,0.984,3,16
81719,0.0,0.0,0.02,-0.051,0.000,0.984,3,16
81769,0.0,0.0,0.02,-0.051,0.000,0.984,3,16
81819,0.0,0.0,0.06,-0.051,0.000,0.984,3,16
81869,0.0,0.0,0.06,-0.051,0.000,0.984,3,16
81919,0.0,0.0,0.02,-0.051,0.000,0.984,3,16
81970,0.0,0.0,0.02,-0.051,0.000,0.984,3,16
82020,0.0,0.0,0.10,-0.051,0.000,0.984,3,16
82070,0.0,0.0,0.10,-0.052,0.000,0.984,3,16
82120,0.0,0.0,0.04,-0.051,0.000,0.984,3,16
82170,0.0,0.0,0.10,-0.051,0.000,0.984,3,16
82220,0.0,0.0,0.05,-0.050,0.000,0.984,3,16
82270,0.0,0.0,0.05,-0.050,0.000,0.984,3,16
82320,0.0,0.0,0.06,-0.050,0.000,0.984,3,16
82370,0.0,0.0,0.06,-0.050,0.000,0.984,3,16
82420,0.0,0.0,0.06,-0.050,0.001,0.984,3,16
82481,0.0,0.0,0.08,-0.049,0.000,0.984,3,16
82531,0.0,0.0,0.09,-0.049,0.000,0.984,3,16
82581,0.0,0.0,0.09,-0.049,0.000,0.984,3,16
82631,0.0,0.0,0.10,-0.050,0.000,0.984,3,16
82681,0.0,0.0,0.04,-0.050,0.000,0.984,3,16
82731,0.0,0.0,0.04,-0.050,0.000,0.984,3,16
82781,0.0,0.0,0.10,-0.049,0.001,0.984,3,16
82831,0.0,0.0,0.05,-0.048,0.000,0.984,3,16
82881,0.0,0.0,0.05,-0.048,0.000,0.984,3,16
82931,0.0,0.0,0.11,-0.048,0.000,0.985,3,16
82982,0.0,0.0,0.07,-0.049,0.000,0.984,3,16
83033,0.0,0.0,0.06,-0.050,-0.001,0.984,3,16
83083,0.0,0.0,0.06,-0.050,-0.001,0.984,3,16
83133,0.0,0.0,0.13,-0.052,0.000,0.984,3,16
83183,0.0,0.0,0.13,-0.052,0.000,0.984,3,16
83233,0.0,0.0,0.09,-0.052,0.001,0.984,3,16
83283,0.0,0.0,0.04,-0.050,0.000,0.984,3,16
83333,0.0,0.0,0.04,-0.050,0.000,0.984,3,16
83383,0.0,0.0,0.08,-0.050,0.000,0.984,3,16
83433,0.0,0.0,0.04,-0.051,0.000,0.985,3,16
83484,0.0,0.0,0.04,-0.051,0.000,0.985,3,16
83534,0.0,0.0,0.13,-0.050,0.000,0.984,3,16
83584,0.0,0.0,0.06,-0.050,0.000,0.984,3,16
83636,0.0,0.0,0.06,-0.050,0.000,0.984,3,16
83685,0.0,0.0,0.08,-0.050,0.000,0.984,3,16
83735,0.0,0.0,0.02,-0.049,0.000,0.985,3,16
83786,0.0,0.0,0.02,-0.049,0.000,0.985,3,16
83835,0.0,0.0,0.09,-0.049,0.000,0.984,3,16
83885,0.0,0.0,0.10,-0.049,0.000,0.984,3,16
83936,0.0,0.0,0.05,-0.048,0.000,0.984,3,16
83990,0.0,0.0,0.08,-0.048,0.000,0.984,3,16
84040,0.0,0.0,0.06,-0.048,0.000,0.984,3,16
84090,0.0,0.0,0.06,-0.048,0.000,0.984,3,16
84140,0.0,0.0,0.08,-0.048,-0.001,0.984,3,16
84190,0.0,0.0,0.11,-0.048,0.000,0.984,3,16
84240,0.0,20.7,0.09,-0.047,0.000,0.984,3,16
84290,0.0,20.7,0.09,-0.047,0.000,0.984,3,16
84340,0.0,20.7,0.07,-0.047,0.000,0.984,3,16
84390,0.0,20.7,0.07,-0.047,0.000,0.984,3,16
84440,0.0,20.7,0.08,-0.044,-0.001,0.984,3,16
84491,0.0,20.7,0.12,-0.043,0.000,0.983,3,16
84541,0.0,20.7,0.08,-0.042,0.000,0.984,3,16
84592,0.0,20.7,0.07,-0.042,0.000,0.984,3,16
84641,0.0,20.7,0.12,-0.041,0.000,0.984,3,16
84691,0.0,20.7,0.12,-0.041,0.000,0.984,3,16
84742,0.0,20.7,0.11,-0.041,-0.001,0.984,3,16
84791,0.0,20.7,0.05,-0.039,0.000,0.985,3,16
84841,0.0,20.7,0.06,-0.037,0.000,0.985,3,16
84892,0.0,20.7,0.13,-0.036,0.000,0.985,3,16
84941,0.0,20.7,0.22,-0.035,0.000,0.986,3,16
84992,0.0,13.5,0.22,-0.035,0.000,0.986,3,16
85042,0.0,13.5,0.15,-0.038,0.000,0.986,3,16
85092,0.0,13.5,0.13,-0.041,-0.001,0.984,3,16
85142,0.0,13.5,0.11,-0.041,-0.001,0.985,3,16
85192,0.0,13.5,0.22,-0.043,-0.001,0.983,3,16
85242,0.0,13.5,0.20,-0.047,-0.001,0.983,3,16
85292,0.0,13.5,0.20,-0.047,-0.001,0.983,3,16
85342,0.0,13.5,0.13,-0.050,-0.004,0.983,3,16
85392,0.0,23.9,0.14,-0.049,-0.004,0.984,3,16
85442,0.0,23.9,0.15,-0.048,-0.003,0.985,3,16
85493,0.0,23.9,0.15,-0.048,-0.003,0.985,3,16
85543,0.0,23.9,0.23,-0.050,-0.001,0.984,3,16
85593,0.0,23.9,0.23,-0.050,-0.001,0.984,3,16
85643,0.0,23.9,0.25,-0.051,-0.002,0.986,3,16
85693,0.0,23.9,0.22,-0.053,-0.004,0.985,3,16
85743,0.0,23.9,0.26,-0.053,-0.003,0.983,3,16
85793,0.0,23.9,0.26,-0.053,-0.003,0.983,3,16
85843,0.0,23.9,0.11,-0.053,-0.002,0.985,3,16
85893,0.0,23.9,0.11,-0.053,-0.002,0.985,3,16
85943,0.0,23.9,0.11,-0.051,-0.003,0.986,3,16
85994,0.0,17.3,0.10,-0.050,-0.003,0.985,3,16
86044,0.0,17.3,0.06,-0.049,-0.003,0.985,3,16
86094,0.0,17.3,0.06,-0.049,-0.003,0.985,3,16
86144,0.0,17.3,0.08,-0.051,-0.003,0.985,3,16
86194,0.0,17.3,0.08,-0.051,-0.003,0.985,3,16
86244,0.0,17.3,0.08,-0.051,-0.003,0.985,3,16
86294,0.0,17.3,0.18,-0.052,-0.004,0.985,3,16
86344,0.0,17.3,0.08,-0.051,-0.004,0.984,3,16
86394,0.0,17.3,0.08,-0.051,-0.004,0.984,3,16
86444,0.0,17.3,0.05,-0.052,-0.002,0.985,3,16
86495,0.0,17.3,0.05,-0.052,-0.002,0.985,3,16
86545,0.0,17.3,0.05,-0.052,-0.003,0.985,3,16
86595,0.0,17.3,0.02,-0.052,-0.003,0.984,3,16
86645,0.0,17.3,0.04,-0.050,-0.003,0.985,3,16
86695,0.0,17.3,0.04,-0.050,-0.003,0.985,3,16
86745,0.0,17.3,0.08,-0.048,-0.002,0.985,3,16
86795,0.0,17.3,0.07,-0.045,-0.002,0.985,3,16
86845,0.0,17.3,0.03,-0.043,-0.002,0.985,3,16
86895,0.0,17.3,0.07,-0.042,-0.003,0.985,3,16
86945,0.0,17.3,0.10,-0.043,-0.003,0.985,3,16
87001,0.0,0.0,0.10,-0.043,-0.003,0.985,3,16
87050,0.0,0.0,0.02,-0.043,-0.001,0.985,3,16
87100,0.0,0.0,0.01,-0.043,-0.003,0.985,3,16
87152,0.0,0.0,0.01,-0.043,-0.003,0.985,3,16
87201,0.0,0.0,0.06,-0.043,-0.004,0.985,3,16
87251,0.0,0.0,0.07,-0.043,-0.003,0.985,3,16
87302,0.0,0.0,0.07,-0.043,-0.003,0.985,3,16
87351,0.0,0.0,0.00,-0.043,-0.003,0.985,3,16
87401,0.0,0.0,0.10,-0.044,-0.002,0.985,3,16
87452,0.0,0.0,0.10,-0.044,-0.002,0.985,3,16
87506,0.0,0.0,0.07,-0.044,-0.003,0.984,3,16
87556,0.0,0.0,0.09,-0.043,-0.002,0.985,3,16
87606,0.0,0.0,0.09,-0.043,-0.002,0.985,3,16
87656,0.0,0.0,0.09,-0.042,-0.002,0.984,3,16
87706,0.0,0.0,0.10,-0.043,-0.003,0.985,3,16
87757,0.0,0.0,0.10,-0.043,-0.003,0.985,3,16
87806,0.0,0.0,0.20,-0.044,-0.003,0.985,3,16
87856,0.0,0.0,0.11,-0.045,-0.004,0.984,3,16
87906,0.0,0.0,0.11,-0.045,-0.004,0.984,3,16
87956,0.0,0.0,0.02,-0.043,-0.003,0.985,3,16
88007,0.0,0.0,0.10,-0.043,-0.002,0.985,3,16
88058,0.0,0.0,0.10,-0.043,-0.002,0.985,3,16
88107,0.0,0.0,0.04,-0.043,-0.003,0.984,3,16
88157,0.0,0.0,0.14,-0.042,-0.004,0.985,3,16
88207,0.0,0.0,0.14,-0.042,-0.004,0.985,3,16
88257,0.0,0.0,0.20,-0.042,-0.003,0.985,3,16
88307,0.0,0.0,0.08,-0.043,-0.002,0.985,3,16
88357,0.0,0.0,0.08,-0.043,-0.002,0.985,3,16
88407,0.0,0.0,0.06,-0.044,-0.004,0.984,3,16
88457,0.0,0.0,0.11,-0.046,-0.005,0.985,3,16
88509,0.0,0.0,0.11,-0.046,-0.005,0.985,3,16
88558,0.0,0.0,0.10,-0.041,-0.002,0.985,3,16
88608,0.0,0.0,0.23,-0.038,0.002,0.983,3,16
88658,0.0,0.0,0.23,-0.038,0.002,0.983,3,16
88708,0.0,0.0,0.35,-0.036,0.001,0.987,3,16
88758,0.0,0.0,0.02,-0.041,-0.025,0.987,3,16
88808,0.0,0.0,0.02,-0.041,-0.025,0.987,3,16
88858,0.0,0.0,0.10,-0.048,0.000,0.981,3,16
88908,0.0,0.0,0.04,-0.050,0.008,0.987,3,16
88959,0.0,0.0,0.04,-0.050,0.008,0.987,3,16
89009,0.0,0.0,0.13,-0.048,-0.001,0.989,3,16
89059,0.0,0.0,0.03,-0.043,-0.007,0.982,3,16
89111,0.0,0.0,0.03,-0.043,-0.007,0.982,3,16
89161,0.0,0.0,0.08,-0.042,-0.009,0.982,3,16
89211,0.0,0.0,0.01,-0.042,-0.001,0.989,3,16
89261,0.0,0.0,0.04,-0.046,0.006,0.990,3,16
89311,0.0,0.0,0.12,-0.049,0.007,0.992,3,16
89361,0.0,0.0,0.19,-0.050,-0.010,0.979,3,16
89411,0.0,0.0,0.19,-0.050,-0.010,0.979,3,16
89461,0.0,0.0,0.25,-0.039,-0.029,0.981,3,16
89512,0.0,0.0,0.16,-0.034,0.004,0.985,3,16
89563,0.0,0.0,0.07,-0.041,0.017,0.983,3,16
89612,0.0,0.0,0.06,-0.045,0.009,0.987,3,16
89662,0.0,0.0,0.17,-0.044,-0.006,0.987,3,16
89713,0.0,0.0,0.17,-0.044,-0.006,0.987,3,16
89762,0.0,0.0,0.33,-0.044,0.031,0.965,3,16
89812,0.0,0.0,0.37,-0.033,-0.015,0.984,3,16
89863,0.0,0.0,0.11,-0.030,-0.022,0.975,3,16
89912,0.0,0.0,0.00,-0.031,-0.069,1.004,3,16
89962,0.0,0.0,0.05,-0.051,0.031,0.988,3,16
90014,0.0,0.0,0.05,-0.051,0.031,0.988,3,16
90063,0.0,0.0,0.01,-0.048,0.019,0.990,3,16
90113,0.0,0.0,0.08,-0.044,-0.015,0.991,3,16
90163,0.0,0.0,0.08,-0.044,-0.015,0.991,3,16
90213,0.0,0.0,0.08,-0.044,-0.015,0.991,3,16
90263,0.0,0.0,0.28,-0.048,-0.046,0.979,3,16
90313,0.0,0.0,0.28,-0.048,-0.046,0.979,3,16
90363,0.0,0.0,0.44,-0.040,0.072,0.998,3,16
90413,0.0,0.0,0.24,-0.028,-0.022,0.980,3,16
90463,0.0,0.0,0.05,-0.042,-0.041,0.969,3,16
90517,0.0,0.0,0.05,-0.042,-0.041,0.969,3,16
90567,0.0,0.0,0.30,-0.052,-0.017,0.988,3,16
90617,0.0,0.0,0.30,-0.052,-0.017,0.988,3,16
90667,0.0,0.0,0.10,-0.050,0.013,0.977,3,16
90717,0.0,0.0,0.44,-0.033,0.040,0.992,3,16
90767,0.0,0.0,0.44,-0.033,0.040,0.992,3,16
90817,0.0,0.0,0.44,-0.033,0.040,0.992,3,16
90867,0.0,0.0,0.18,-0.036,-0.075,0.994,3,16
90917,0.0,0.0,0.18,-0.036,-0.075,0.994,3,16
90967,0.0,0.0,0.07,-0.041,0.007,0.980,3,16
