timestamp_ms,pri_rpm,sec_rpm,speed_mph,g_x,g_y,g_z,fix_status,sat_count,time_s,driveline_angular_velocity,accel_x_ft_s_s,integrated_car_velocity_ft_s,effective_position_ft,tire_angular_velocity
18417,1401.8,0.0,0.11,0.047,0.033,0.965,3,15,0.0,0.0,1.512178,0.0,0.0,0.0
18467,1818.6,0.0,0.25,0.124,0.044,0.902,3,15,0.05,0.0,3.989576,0.13754385,0.0034385962500000002,0.0
18518,2205.0,0.0,0.25,0.124,0.044,0.902,3,15,0.101,0.0,3.989576,0.34101222600000003,0.015641776188,0.0
18567,2464.9,450.6,0.19,0.038,-0.001,1.077,3,15,0.15,47.1867216569187,1.222612,0.46871083199999997,0.03547999110899999,6.499548437592107
18617,2552.1,422.7,0.11,0.109,0.019,1.007,3,16,0.2,44.265040489080185,3.506966,0.586950282,0.061871518959,6.097113015024819
18668,2627.2,528.2,0.25,0.412,0.12,1.083,3,16,0.251,55.31297465420429,13.255688,1.0143979589999998,0.10270589910449998,7.618867032259544
18718,2772.1,517.6,0.25,0.412,0.12,1.083,3,16,0.301,54.202945249935894,13.255688,1.6771823589999997,0.16999540705449995,7.465970420101363
18768,2902.1,539.9,0.37,0.596,0.063,0.999,3,16,0.351,56.53819578910431,19.175704,2.4879671589999997,0.2741241450044999,7.78763027398131
18818,2923.8,750.8,0.37,0.596,0.063,0.999,3,16,0.401,78.62359214384055,19.175704,3.4467523590000004,0.4224921329545,10.829695887581344
18868,2873.6,793.3,1.27,0.716,0.024,0.971,3,16,0.451,83.07418173642608,23.036583999999998,4.502059559,0.6212124309045,11.442724757083482
18918,2763.6,685.0,1.9,0.66,0.03,0.806,3,16,0.501,71.73303225696694,21.234840000000002,5.6088451589999995,0.8739850488544999,9.880582955505089
18968,2939.4,803.4,2.83,0.705,0.047,0.853,3,16,0.551,84.13185126313466,22.682669999999998,6.706782909,1.1818757505545001,11.588409264894581
19018,3085.8,836.8,3.67,0.721,0.036,0.821,3,16,0.601,87.62949108413129,23.197454,7.8537860089999985,1.5458899735044995,12.070177835279791
19068,2957.4,877.2,3.67,0.721,0.036,0.821,3,16,0.651,91.86016919096555,23.197454,9.013658709,1.9675760914544997,12.65291586652418
19119,2989.8,863.9,3.67,0.721,0.036,0.821,3,16,0.702,90.46739644787408,23.197454,10.196728862999999,2.457440974540499,12.461073890891747
19170,3126.3,925.0,4.54,0.712,0.056,0.859,3,15,0.753,96.8657734856853,22.907888,11.372415084,3.0074541451889996,13.342393042105414
19219,3177.5,1006.4,5.49,0.708,0.038,0.8,3,16,0.802,105.38996155242559,22.779192,12.491748544,3.5921261540750002,14.516523629810688
19270,3101.4,1003.5,6.58,0.582,0.116,0.796,3,16,0.853,105.08627426257858,18.725268,13.550112273999998,4.2561936049339995,14.474693424597602
19320,3441.4,1115.6,7.1,0.556,0.083,0.917,3,16,0.903,116.82535881149242,17.888744000000003,14.465462573999998,4.956582976134,16.091647219213833
19370,3331.5,1104.7,7.71,0.386,0.053,0.961,3,15,0.953,115.68391348068816,12.419164,15.223160273999998,5.6987985473339995,15.934423344447406
19420,3324.1,1244.4,8.28,0.416,0.04,0.938,3,15,1.003,130.31326327090463,13.384383999999999,15.868248973999997,6.476083778533998,17.949485299022676
19470,3569.1,1268.6,8.3,0.436,0.042,0.952,3,15,1.053,132.84748134480037,14.027864,16.553555173999996,7.286628882233999,18.298551149421538
19520,3299.1,1263.1,8.76,0.475,0.06,0.958,3,15,1.103,132.27152269164225,15.282649999999999,17.286318023999996,8.132625712184,18.219218001603615
19570,3467.4,1352.6,9.1,0.502,0.058,0.977,3,15,1.153,141.64394077485179,16.151348,18.072167973999996,9.016587862134001,19.51018467973165
19620,3357.4,1322.9,9.1,0.505,0.057,0.928,3,15,1.203,138.53376404779792,16.24787,18.882148423999997,9.940445772084,19.081785681514866
19671,3516.0,1399.4,10.02,0.408,0.008,0.93,3,15,1.254,146.54482531445188,13.126992,19.631207404999994,10.922536345723499,20.185237646618717
19721,3456.2,1334.2,10.02,0.408,0.008,0.93,3,15,1.304,139.71709728065008,13.126992,20.287557004999996,11.9205054559735,19.244779239758966
19771,3519.9,1491.6,10.57,0.35,0.052,0.899,3,15,1.354,156.1999867364845,11.2609,20.897254304999997,12.9501257387235,21.51514968822101
19821,3458.6,1495.0,11.12,0.351,0.037,0.951,3,15,1.404,156.55603390389135,11.293073999999999,21.461103654999995,14.009084687723496,21.56419199778118
19871,3465.6,1585.0,11.37,0.351,0.045,0.983,3,15,1.454,165.98081186466072,11.293073999999999,22.025757354999996,15.096256212973497,22.8623707802563
19921,3532.5,1603.3,11.65,0.353,0.043,1.016,3,15,1.504,167.89718338335052,11.357422,22.592019754999995,16.2117006407235,23.12633379935958
19971,3361.3,1666.7,12.01,0.285,0.026,1.02,3,16,1.554,174.53641585793693,9.16959,23.105195054999996,17.3541310109735,24.040828630569827
20021,3591.3,1680.1,12.01,0.285,0.026,1.02,3,16,1.604,175.93966057654038,9.16959,23.563674554999995,18.5208527512235,24.23411302707168
20071,3337.4,1709.4,12.23,0.322,0.023,0.851,3,15,1.654,179.00794940154643,10.360028,24.051915004999994,19.711242490223498,24.656742341810805
20121,3488.0,1676.7,12.61,0.242,0.019,0.679,3,15,1.704,175.58361340913356,7.786108,24.505568404999995,20.9251795754735,24.18507071751151
20172,3429.7,1835.5,13.13,0.284,0.009,0.802,3,15,1.755,192.2131105221355,9.137415999999998,24.937118266999995,22.1859680856095,26.475635058145386
20222,3697.5,1835.5,13.48,0.339,0.024,0.999,3,15,1.805,192.2131105221355,10.906986,25.438228316999997,23.4453517502095,26.475635058145386
20272,3390.6,1812.3,13.76,0.261,0.005,0.991,3,15,1.855,189.7836122033594,8.397414,25.920838316999998,24.729328416059502,26.14099341644069
20322,3613.6,1916.8,13.76,0.261,0.005,0.991,3,15,1.905,200.72682661336384,8.397414,26.340709017,26.035867099409504,27.648323224981247
20372,3500.8,1874.8,14.15,0.304,-0.01,0.919,3,15,1.955,196.32859689833813,9.780896,26.795166766999998,27.364263994009505,27.04250645982619
20422,3423.3,1941.7,14.43,0.397,-0.03,0.882,3,15,2.005,203.33434851584337,12.773078,27.359016116999996,28.7181185661095,28.00748602146603
20472,3656.3,2058.0,14.79,0.356,0.015,0.845,3,15,2.055,215.5132560362598,11.453944,27.964691667,30.101211260709505,29.68502149259777
20522,3444.7,2036.7,15.23,0.29,0.049,0.896,3,15,2.105,213.28272525221107,9.330459999999999,28.484301766999998,31.5124360965595,29.377785847411992
20572,3614.9,2017.8,15.5,0.293,0.03,0.883,3,14,2.155,211.30352188044947,9.426981999999999,28.953237816999998,32.948374586159495,29.105168303092213
20622,3293.6,1976.3,15.5,0.293,0.03,0.883,3,14,2.205,206.9576520429836,9.426981999999999,29.424586917,34.407820204509505,28.50656364228424
20673,3691.9,2100.0,15.57,0.314,0.005,1.01,3,15,2.256,219.9114857512855,10.102636,29.922592175999995,35.921173271380994,30.290838257752824
20723,3435.2,2073.8,16.06,0.379,-0.066,1.022,3,15,2.306,217.16782816715047,12.193946,30.480006726,37.431238243931,29.91292398996563
20773,3484.9,2182.9,16.27,0.297,0.002,0.986,3,15,2.356,228.59275345070535,9.555677999999999,31.023747326,38.968832095230994,31.48660515849936
20823,3419.0,2122.2,16.45,0.273,-0.007,0.943,3,15,2.406,222.23626431494193,8.783502,31.482226826,40.531481449031006,30.611055690763354
20873,3445.3,2247.7,16.79,0.349,-0.002,0.94,3,14,2.456,235.37859358245925,11.228725999999998,31.982532526,42.118100432831,32.42129388188144
20923,3482.5,2228.2,16.79,0.349,-0.002,0.94,3,14,2.506,233.3365583576259,11.228725999999998,32.543968826,43.73126296663099,32.14002181234517
20973,3267.4,2296.2,17.19,0.34,0.006,1.022,3,15,2.556,240.45750170576275,10.939160000000001,33.098165976,45.372316336681,33.12086800354859
21023,3613.6,2306.8,17.39,0.243,0.035,0.984,3,15,2.606,241.56753111003118,7.818282,33.56710202599999,47.038948036731,33.273764615706774
21073,3380.1,2306.3,17.6,0.269,0.025,0.987,3,15,2.656,241.51517123247135,8.654806,33.978929226,48.72759881803101,33.26655251135969
21123,3548.4,2365.2,17.89,0.275,0.018,0.947,3,15,2.706,247.68316480901927,8.847850000000001,34.416495626,50.43748443933101,34.11613840344618
21182,3354.8,2408.5,18.27,0.159,0.03,0.916,3,15,2.765,252.21753020570057,5.115666,34.828419348000004,52.48020943106401,34.740706639903664
21232,3521.3,2381.5,18.4,0.204,-0.023,1.058,3,16,2.815,249.39009681746975,6.563496,35.120398398000006,54.228929874714005,34.35125300516113
21282,3403.1,2323.4,18.4,0.204,-0.023,1.058,3,16,2.865,243.30587904501752,6.563496,35.448573198000005,55.99315416461401,33.513206480029964
21332,3449.1,2413.1,18.63,0.203,-0.012,1.001,3,16,2.915,252.69924107925098,6.531322,35.775943648,57.77376708576401,34.80705799989683
21382,3377.4,2381.0,18.98,0.307,-0.023,0.942,3,16,2.965,249.33773693990992,9.877418,36.186162148,59.572819730664,34.344040900814036
21432,3300.5,2491.9,19.11,0.25,-0.02,0.843,3,16,3.015,260.9511577826802,8.0435,36.634185098,61.39332841181401,35.943685644997274
21482,3457.6,2477.1,19.32,0.292,-0.076,0.963,3,16,3.065,259.4013054069092,9.394808,37.070142798,63.235936609214,35.73020735632358
21532,3403.7,2588.7,19.84,0.32,-0.086,0.986,3,16,3.115,271.0880300782632,10.29568,37.562404998000005,65.101750304114,37.33994904659273
21582,3601.7,2523.3,19.84,0.32,-0.086,0.986,3,16,3.165,264.2393580934375,10.29568,38.077188998000004,66.992740154014,36.39660579799415
21632,3335.6,2488.8,19.98,0.235,-0.049,0.985,3,16,3.215,260.62652654180926,7.56089,38.523603248,68.907759960164,35.89897059804535
21683,3464.2,2574.0,19.98,0.21,-0.054,0.928,3,16,3.266,269.54864967800427,6.756539999999999,38.888697713,70.8817736346695,37.12791317878847
21735,3364.7,2521.4,20.1,0.292,-0.045,1.009,3,16,3.318,264.04039055871016,9.394808,39.308632761,72.9149042269935,36.36919980147523
21784,3447.9,2619.9,20.3,0.117,-0.007,0.992,3,16,3.367,274.3552864379966,3.764358,39.631032327999996,74.848926021674,37.78998435785077
21834,3451.3,2606.2,20.77,0.154,-0.067,0.977,3,16,3.417,272.92062579285727,4.954796,39.849011178,76.83592710932399,37.59237269874067
21884,3385.0,2729.3,20.77,0.154,-0.067,0.977,3,16,3.467,285.81162764808744,4.954796,40.096750977999996,78.834571163224,39.36799278899276
21934,3442.7,2661.0,20.8,0.17,-0.013,1.029,3,16,3.517,278.65926837341465,5.4695800000000006,40.357360377999996,80.84592394712399,38.38281933518108
21984,3349.7,2725.5,21.15,0.22,-0.042,0.961,3,16,3.567,285.41369257863266,7.07828,40.671056877999995,82.871634378524,39.31318079595491
22034,3448.7,2727.8,21.15,0.22,-0.042,0.961,3,16,3.617,285.65454801540795,7.07828,41.02497087799999,84.914035072424,39.34635647595151
22084,3367.2,2617.1,21.44,0.322,-0.068,1.025,3,16,3.667,274.06207112366155,10.360028,41.46092857799999,86.976182558824,37.749596573507105
22134,3347.8,2793.3,21.62,0.164,-0.087,0.876,3,16,3.717,292.5136919757457,5.276536,41.85184267799999,89.059001840224,40.29114214541952
22185,3532.9,2736.0,21.77,0.226,-0.045,0.948,3,16,3.768,286.5132500073891,7.271324,42.17181310799999,91.20160506276699,39.46463498724368
22235,3370.8,2798.0,21.84,0.271,-0.043,0.933,3,16,3.818,293.0058748248081,8.719154,42.57157505799999,93.320189766917,40.35893592628211
22285,3434.3,2758.6,22.09,0.094,-0.006,0.957,3,16,3.868,288.87991647309343,3.024356,42.865162807999994,95.45610821356699,39.79062210373188
22337,3385.4,2795.6,22.09,0.094,-0.006,0.957,3,16,3.92,292.7545474125208,3.024356,43.02242931999999,97.68918560889499,40.324317825416095
22386,3598.2,2863.7,22.39,0.142,-0.092,1.031,3,16,3.969,299.8859627361697,4.568707999999999,43.208459387999994,99.80184238224098,41.30660643748894
22436,3290.4,2777.0,22.55,0.169,-0.022,1.087,3,16,4.019,290.8067599672952,5.437406,43.45861223799999,101.96851917289099,40.05602754370457
22487,3270.3,2950.7,22.7,0.233,-0.079,0.942,3,15,4.07,308.99658143158007,7.496542000000001,43.788427911999996,104.193318696716,42.56151259388155
22537,3593.0,2807.4,22.7,0.233,-0.079,0.942,3,15,4.12,293.9902405229329,7.496542000000001,44.16325501199999,106.392110769816,40.49452348800728
22587,3237.1,2979.7,22.79,0.179,-0.082,0.954,3,15,4.17,312.03345433005023,5.759145999999999,44.49464721199999,108.608558325416,42.97981464601243
22639,3462.8,2777.0,22.79,0.179,-0.082,0.954,3,15,4.222,290.8067599672952,5.759145999999999,44.79412280399999,110.93006634583202,40.05602754370457
22693,3409.1,2973.5,22.89,0.127,0.007,1.041,3,15,4.276,311.3841918483083,4.086098,45.059944391999984,113.35612616012399,42.890384552108586
22743,3640.8,2897.7,23.16,0.141,-0.063,0.94,3,15,4.326,303.4464344102381,4.536534,45.275510191999984,115.61451252472398,41.79702953309065
22793,3373.1,2936.9,23.3,0.174,-0.09,0.829,3,15,4.376,307.5514488109288,5.598275999999999,45.52888044199999,117.88462229057401,42.362458513902034
22843,3597.3,2930.8,23.39,0.251,-0.114,0.899,3,16,4.426,306.9126583046989,8.075674,45.870729191999985,120.16961253142401,42.274470840867615
22893,3400.6,2873.6,23.6,0.101,-0.037,0.996,3,16,4.476,300.9226883118543,3.249574,46.153860391999984,122.470227271024,41.4494061035612
22943,3611.2,2951.6,23.6,0.101,-0.037,0.996,3,16,4.526,309.0908292111878,3.249574,46.316339091999986,124.78198225812399,42.57449438170631
22993,3453.6,2941.2,23.96,0.108,-0.047,0.904,3,15,4.576,308.0017437579433,3.474792,46.484448241999985,127.10200194147399,42.424482611286955
23043,3400.2,3084.5,23.95,0.12,0.021,0.963,3,15,4.626,323.00808466659055,3.86088,46.66784004199999,129.430809148574,44.49147171716123
23093,3642.1,3013.0,23.86,0.22,-0.027,0.935,3,16,4.676,315.5206221755349,7.07828,46.94131904199999,131.771038125674,43.460140795528226
23143,3269.6,3000.3,24.0,0.204,-0.025,0.936,3,16,4.726,314.1906812855152,6.563496,47.28236344199999,134.126630187774,43.27695334511229
23194,3603.6,3074.1,24.37,0.139,-0.06,0.849,3,16,4.777,321.91899921334607,4.472186000000001,47.56377333299999,136.5452066755365,44.341459946741885
23244,3364.0,3052.5,24.37,0.139,-0.06,0.849,3,16,4.827,319.6570525027615,4.472186000000001,47.78738263299999,138.9289855746865,44.029897038947865
23294,3633.3,3104.6,24.63,0.204,-0.046,1.036,3,16,4.877,325.1129517444957,6.563496,48.06327468299999,141.32525200758647,44.78139831191401
23344,3452.8,2990.4,24.61,0.206,0.003,1.004,3,16,4.927,313.1539557098306,6.627844,48.39305818299999,143.73666032923646,43.134153679040026
23394,3312.7,3343.4,24.66,0.207,-0.006,0.984,3,16,4.977,350.12002926707044,6.660018,48.72525473299999,146.16461815213648,48.22589934808133
23444,3570.8,3065.6,24.65,0.034,0.013,0.947,3,16,5.027,321.028881294829,1.093916,48.91910308299999,148.6057270975365,44.21885417284146
23494,3385.0,3122.1,24.65,0.034,0.013,0.947,3,16,5.077,326.94554745908977,1.093916,48.973798882999986,151.05304964668647,45.03382196406195
23544,3380.1,3098.9,24.65,0.034,0.013,0.947,3,16,5.127,324.51604914031367,1.093916,49.028494682999984,153.50310698583647,44.69918032235726
23594,3261.9,3093.1,24.99,0.162,-0.037,0.922,3,16,5.177,323.90867456061966,5.212188,49.18614728299998,155.95847303498647,44.61551991193108
23644,3559.1,3149.6,25.03,0.13,0.069,1.022,3,16,5.227,329.8253407248804,4.18262,49.421017482999986,158.4236521541365,45.43048770315157
23696,3404.4,2729.3,25.18,0.184,-0.042,0.972,3,16,5.279,285.81162764808744,5.9200159999999995,49.683686018999985,161.0003744451885,39.36799278899276
23746,3400.0,3226.8,25.31,0.128,0.0,0.878,3,16,5.329,337.9097058201181,4.118272,49.93464321899999,163.4908326761385,46.54403661434134
23796,3458.6,3127.9,25.51,0.2,-0.012,0.887,3,16,5.379,327.5529220387838,6.4348,50.198470018999984,165.99416050708848,45.11748237448813
23846,3312.2,3238.3,25.48,0.158,-0.032,0.955,3,16,5.429,339.1139830039943,5.083492,50.486427318999986,168.5112829405385,46.70991501432428
23896,3606.2,3219.6,25.48,0.158,-0.032,0.955,3,16,5.479,337.1557235832566,5.083492,50.740601918999985,171.0419586714885,46.440182311743335
23946,3343.0,3243.6,25.88,0.235,-0.019,1.115,3,16,5.529,339.66899770612844,7.56089,51.056711468999985,173.58689150618846,46.78636332040337
23996,3392.9,3352.3,25.93,0.077,0.003,1.082,3,16,5.579,351.0520350876355,2.477398,51.30766866899999,176.14600100963847,48.35427480545943
24046,3384.9,3162.6,26.06,0.136,-0.009,1.028,3,16,5.629,331.186697541436,4.375664,51.478995218999984,178.71566760683845,45.618002416175756
24096,3382.4,3252.0,25.95,0.221,-0.035,0.907,3,15,5.679,340.54864364913357,7.110454,51.76614816899999,181.29679619153848,46.907526673434376
24146,3441.6,3218.5,26.16,0.102,-0.03,0.886,3,15,5.729,337.04053185262495,3.281748,52.02595321899999,183.89159872623847,46.424315682179746
24197,3278.2,3362.5,26.16,0.102,-0.03,0.886,3,15,5.78,352.120176589856,3.281748,52.193322366999986,186.54919025368147,48.50140173413995
24247,3615.1,3268.0,26.28,0.123,-0.038,0.88,3,16,5.83,342.22415973104813,3.957402,52.37430111699999,189.16338084078146,47.138314012541066
24297,3416.1,3272.3,26.47,0.123,-0.047,1.031,3,16,5.88,342.6744546780627,3.957402,52.57217121699998,191.78704264913145,47.200338109925994
24347,3459.6,3275.5,26.48,0.048,0.033,0.938,3,16,5.93,343.0095578944456,1.544352,52.70971506699998,194.41908980623145,47.24649557774733
24397,3251.3,3133.8,26.48,0.048,0.033,0.938,3,16,5.98,328.1707685939898,1.544352,52.78693266699999,197.0565059995815,45.20258520578372
24447,3123.4,3056.2,26.73,0.123,-0.028,0.989,3,16,6.03,320.0445155967042,3.957402,52.92447651699999,199.69929122918148,44.08326661111628
24497,3023.6,2896.9,26.73,0.123,-0.028,0.989,3,16,6.08,303.3626586061424,3.957402,53.122346616999984,202.35046180753147,41.78549016613532
24547,2959.0,2975.3,26.89,0.15,0.037,0.874,3,16,6.13,311.57268740752374,4.826099999999999,53.341934166999984,205.01206882713146,42.91634812775809
