time_ms,primary_rpm,secondary_rpm,ratio
22600,1231,331,3.719
22620,1272,331,3.843
22640,1272,329,3.866
22660,1773,341,5.199
22680,1773,341,5.199
22700,1791,349,5.132
22740,2041,341,5.985
22780,2385,345,6.913
22800,2441,361,6.762
22840,2611,392,6.661
22880,2726,453,6.018
22900,2736,471,5.809
22920,2827,495,5.711
22940,2834,516,5.492
22960,2907,557,5.219
22980,2887,624,4.627
23000,2943,643,4.577
23020,2926,654,4.474
23040,3000,712,4.213
23060,2976,731,4.071
23080,3036,768,3.953
23100,3027,771,3.926
23120,3091,815,3.793
23160,3130,861,3.635
23180,3128,873,3.583
23200,3206,913,3.512
23220,3286,925,3.552
23240,3285,941,3.491
23260,3338,987,3.382
23280,3314,981,3.378
23300,3374,994,3.394
23320,3354,1035,3.241
23340,3408,1066,3.197
23360,3393,1072,3.165
23380,3429,1100,3.117
23400,3484,1118,3.116
23420,3458,1122,3.082
23440,3493,1171,2.983
23460,3465,1172,2.956
23480,3526,1222,2.885
23500,3523,1233,2.857
23520,3486,1240,2.811
23540,3537,1274,2.776
23560,3512,1267,2.772
23580,3555,1316,2.701
23600,3503,1315,2.664
23620,3513,1366,2.572
23640,3548,1360,2.609
23660,3505,1395,2.513
23680,3542,1395,2.539
23700,3519,1440,2.444
23720,3512,1443,2.434
23740,3560,1475,2.414
23760,3520,1486,2.369
23780,3562,1511,2.357
23800,3505,1548,2.264
23820,3548,1544,2.298
23840,3546,1589,2.232
23860,3499,1591,2.199
23880,3553,1617,2.197
23900,3516,1658,2.121
23920,3544,1649,2.149
23940,3502,1706,2.053
23960,3506,1691,2.073
23980,3543,1744,2.032
24000,3510,1712,2.050
24020,3561,1722,2.068
24040,3496,1793,1.950
24080,3540,1845,1.919
24100,3486,1786,1.952
24120,3550,1817,1.954
24140,3494,1877,1.861
24160,3535,1853,1.908
24180,3540,1944,1.821
24200,3474,1914,1.815
24220,3532,1916,1.843
24240,3487,1963,1.776
24260,3516,1949,1.804
24280,3476,1933,1.798
24300,3459,2030,1.704
24320,3514,2016,1.743
24340,3462,2007,1.725
24360,3503,2078,1.686
24380,3452,2073,1.665
24400,3512,2019,1.739
24420,3502,2140,1.636
24440,3448,2102,1.640
24460,3487,2086,1.672
24480,3444,2147,1.604
24500,3504,2166,1.618
24520,3431,2113,1.624
24540,3498,2157,1.622
24560,3484,2221,1.569
24580,3434,2259,1.520
24600,3487,2183,1.597
24620,3420,2233,1.532
24640,3485,2294,1.519
24660,3421,2323,1.473
24680,3422,2242,1.526
24700,3461,2265,1.528
24720,3409,2335,1.460
24740,3475,2372,1.465
24760,3399,2365,1.437
24780,3472,2300,1.510
24820,3409,2443,1.395
24860,3394,2395,1.417
24880,3465,2413,1.436
24900,3393,2444,1.388
24920,3455,2476,1.395
24940,3392,2525,1.343
24960,3392,2465,1.376
24980,3435,2468,1.392
25000,3378,2501,1.351
25020,3447,2540,1.357
25040,3372,2572,1.311
25060,3446,2555,1.349
25080,3381,2557,1.322
25100,3439,2547,1.350
25120,3430,2582,1.328
25140,3372,2585,1.304
25160,3432,2572,1.334
25180,3367,2705,1.245
25220,3364,2700,1.246
25260,3427,2620,1.308
25300,3428,2660,1.289
25320,3369,2687,1.254
25360,3362,2760,1.218
25380,3432,2799,1.226
25400,3364,2841,1.184
25420,3366,2818,1.194
25440,3423,2830,1.210
25460,3361,2824,1.190
25480,3420,2766,1.236
25500,3360,2859,1.175
25520,3418,2836,1.205
25540,3361,2827,1.189
25560,3360,2832,1.186
25580,3433,2855,1.202
25600,3365,2861,1.176
25640,3363,2881,1.167
25660,3421,2891,1.183
25680,3359,2937,1.144
25700,3428,2923,1.173
25720,3430,2920,1.175
25740,3376,2977,1.134
25760,3432,2995,1.146
25780,3366,2995,1.124
25800,3439,2979,1.154
25820,3366,3016,1.116
25840,3438,3002,1.145
25860,3437,3044,1.129
25880,3388,3025,1.120
25900,3437,3039,1.131
25920,3377,3059,1.104
25940,3433,3052,1.125
25960,3367,3053,1.103
26000,3374,3070,1.099
26040,3441,3061,1.124
26060,3376,3098,1.090
26100,3370,3111,1.083
26140,3384,3162,1.070
26160,3376,3165,1.067
26180,3444,3217,1.071
26200,3386,3188,1.062
26220,3446,3243,1.063
26240,3385,3261,1.038
26300,3374,3259,1.035
26320,3434,3196,1.074
26340,3369,3193,1.055
26360,3437,3258,1.055
26400,3433,3302,1.040
26440,3436,3347,1.027
26460,3434,3346,1.026
26480,3369,3288,1.025
26500,3427,3350,1.023
26520,3368,3338,1.009
26540,3428,3330,1.029
26580,3423,3374,1.015
26600,3419,3451,0.991
26640,3425,3424,1.000
26660,3371,3338,1.010
26680,3437,3407,1.009
26700,3379,3466,0.975
26720,3439,3424,1.004
26740,3381,3557,0.951
26760,3393,3512,0.966
26780,3452,3419,1.010
26800,3389,3416,0.992
26820,3460,3497,0.989
26840,3402,3494,0.974
26860,3465,3528,0.982
26880,3405,3582,0.951
26900,3409,3513,0.970
26920,3473,3496,0.993
26940,3421,3528,0.970
26960,3479,3556,0.978
27000,3490,3632,0.961
27020,3501,3500,1.000
27040,3445,3585,0.961
27060,3505,3595,0.975
27100,3521,3676,0.958
27140,3481,3594,0.969
27160,3538,3602,0.982
27180,3482,3720,0.936
27200,3543,3624,0.978
27220,3487,3553,0.981
27240,3546,3635,0.976
27280,3498,3703,0.945
27300,3564,3703,0.962
27340,3571,3720,0.960
27360,3518,3748,0.939
27380,3525,3769,0.935
27400,3584,3698,0.969
27420,3535,3736,0.946
27440,3584,3834,0.935
27460,3546,3755,0.944
27480,3566,3729,0.956
27500,3621,3799,0.953
27520,3593,3824,0.940
27540,3639,3795,0.959
27560,3600,3699,0.973
27580,3621,3769,0.961
27600,3679,3880,0.948
27620,3636,3841,0.947
27640,3689,3828,0.964
27660,3694,3868,0.955
27680,3644,3812,0.956
27700,3699,3757,0.985
27720,3655,3853,0.949
27740,3707,3843,0.965
27760,3705,3853,0.962
27780,3657,3802,0.962
27800,3698,3843,0.962
27820,3658,3946,0.927
27840,3667,3843,0.954
27860,3700,3861,0.958
27880,3676,3929,0.936
27900,3706,3892,0.952
27920,3680,3831,0.961
27940,3697,3958,0.934
27960,3730,3913,0.953
27980,3700,3853,0.960
28000,3732,3930,0.950
28020,3730,3954,0.943
28040,3703,3868,0.957
28060,3720,3965,0.938
28080,3696,3965,0.932
28120,3733,3872,0.964
28140,3706,3903,0.950
28160,3727,3930,0.948
28180,3718,3912,0.950
28200,3704,3984,0.930
28220,3725,4016,0.928
28240,3706,3900,0.950
28260,3705,3909,0.948
28280,3720,4000,0.930
28300,3702,3892,0.951
28320,3723,3923,0.949
28340,3701,3988,0.928
28360,3701,3875,0.955
28380,3717,3894,0.955
28400,3707,3988,0.930
28420,3725,3926,0.949
28440,3726,3835,0.972
28480,3730,3995,0.934
28520,3715,3976,0.934
28540,3731,3918,0.952
28580,3728,3918,0.952
28620,3711,3910,0.949
28640,3724,3933,0.947
28660,3712,4060,0.914
28680,3718,3906,0.952
28700,3732,3952,0.944
28720,3718,4014,0.926
28740,3731,3883,0.961
28760,3729,3933,0.948
28780,3709,4042,0.918
28800,3713,3930,0.945
28820,3699,3965,0.933
28840,3724,3958,0.941
28860,3729,3944,0.945
28880,3717,3885,0.957
28900,3744,4071,0.920
28920,3721,3960,0.940
28940,3725,3907,0.953
28980,3721,3946,0.943