crank_speed_rpm,shift_in,input_clamp
1800.0,0.0,159.5143
1813.3059,0.0012,163.5174
2077.0857,0.0049,239.9355
2472.2002,0.023,360.408
2738.6017,0.055,453.5661
2887.855,0.0975,520.8606
2957.533,0.146,538.8741
2996.3868,0.1938,532.5161
3007.7302,0.2414,532.9708
3007.057,0.2869,506.3669
3001.9577,0.329,480.5156
2996.0815,0.368,456.4124
2988.2608,0.404,433.649
2980.5155,0.4374,412.6197
2971.1868,0.4683,392.797
2960.4448,0.4969,374.1375
2950.2006,0.5234,356.9437
2942.8354,0.5476,326.4023
2945.8723,0.5682,292.9352
2957.0659,0.5856,265.7506
2973.0505,0.6009,251.5953
2986.7363,0.6152,245.3845
2995.3162,0.629,238.7024
3004.3043,0.6421,232.3778
3011.5486,0.6545,226.1205
3016.7272,0.6664,219.9051
3020.3324,0.6776,213.8144
3024.7256,0.6882,208.1342
3026.5796,0.6983,202.4507
3029.6745,0.7078,197.214
