timestamp,name,value,unit,status
1009,counter,0.0,count,OK
2009,counter,1.0,count,OK
3009,counter,2.0,count,OK
4009,counter,3.0,count,OK
5009,counter,4.0,count,OK
6009,counter,5.0,count,OK
7009,counter,6.0,count,OK
8009,counter,7.0,count,OK
9009,counter,8.0,count,OK
10009,counter,9.0,count,OK
11009,counter,10.0,count,OK
12009,counter,11.0,count,OK
13009,counter,12.0,count,OK
14009,counter,13.0,count,OK
15009,counter,14.0,count,OK
16009,counter,15.0,count,OK
17009,counter,16.0,count,OK
18009,counter,17.0,count,OK
19009,counter,18.0,count,OK
20009,counter,19.0,count,OK
21009,counter,20.0,count,OK
22009,counter,21.0,count,OK
23009,counter,22.0,count,OK
24009,counter,23.0,count,OK
25009,counter,24.0,count,OK
26009,counter,25.0,count,OK
27009,counter,26.0,count,OK
28009,counter,27.0,count,OK
29009,counter,28.0,count,OK
30009,counter,29.0,count,OK
31009,counter,30.0,count,OK
32009,counter,31.0,count,OK
33009,counter,32.0,count,OK
34009,counter,33.0,count,OK
35009,counter,34.0,count,OK
36009,counter,35.0,count,OK
37009,counter,36.0,count,OK
38009,counter,37.0,count,OK
39009,counter,38.0,count,OK
40009,counter,39.0,count,OK
41009,counter,40.0,count,OK
42009,counter,41.0,count,OK
43009,counter,42.0,count,OK
44009,counter,43.0,count,OK
45009,counter,44.0,count,OK
46009,counter,45.0,count,OK
47009,counter,46.0,count,OK
48009,counter,47.0,count,OK
49009,counter,48.0,count,OK
50009,counter,49.0,count,OK
51009,counter,50.0,count,OK
52009,counter,51.0,count,OK
53009,counter,52.0,count,OK
54009,counter,53.0,count,OK
55009,counter,54.0,count,OK
56009,counter,55.0,count,OK
57009,counter,56.0,count,OK
58009,counter,57.0,count,OK
59009,counter,58.0,count,OK
60009,counter,59.0,count,OK
61009,counter,60.0,count,OK
62009,counter,61.0,count,OK
63009,counter,62.0,count,OK
64009,counter,63.0,count,OK
65009,counter,64.0,count,OK
66009,counter,65.0,count,OK
67009,counter,66.0,count,OK
68009,counter,67.0,count,OK
69009,counter,68.0,count,OK
70009,counter,69.0,count,OK
71009,counter,70.0,count,OK
72009,counter,71.0,count,OK
